CarrierName,CarrierName_Frequency
STATE INSURANCE FUND,0.1936218916913171
"POLICE, FIRE, SANITATION",0.03763244173608861
AMERICAN ZURICH INSURANCE CO,0.030556107214655782
CHARTER OAK FIRE INS CO,0.029921989596290062
INDEMNITY INS. OF N AMERICA,0.025026740949016246
SAFETY NATIONAL CASUALTY CORP,0.024286356367133197
NEW HAMPSHIRE INSURANCE CO,0.022187148317323605
LM INSURANCE CORP,0.0213823067247825
A I U INSURANCE COMPANY,0.019229094152529675
INDEMNITY INSURANCE CO OF,0.015898234574740516
NYC TRANSIT AUTHORITY,0.014326877179779313
HARTFORD ACCIDENT & INDEMNITY,0.01311264646549111
NEW YORK BLACK CAR OPERATORS',0.012753777703448974
ARCH INDEMNITY INSURANCE CO.,0.011581356942020048
AIU INSURANCE CO,0.011320044736649559
"CNY OTHER THAN ED, HED WATER",0.011175451983011222
HEALTH & HOSPITAL CORP.,0.009733008609366127
ARCH INDEMNITY INSURANCE CO,0.00934278238267953
PENNSYLVANIA MANUFACTURERS',0.008461289209896417
PUBLIC EMPLOYERS RISK MGMT.,0.00796305393832335
ACE AMERICAN INSURANCE CO.,0.007954343531477668
OLD REPUBLIC INSURANCE CO.,0.007537986084254023
MEMIC INDEMNITY COMPANY,0.007198280217272388
"WAL-MART ASSOCIATES, INC.",0.006884705570827802
COUNTY OF NASSAU,0.006604230470396811
NY MUNICIPAL WC ALLIANCE,0.006490995181402933
COUNTY OF SUFFOLK,0.006348144509133733
NYC HOUSING AUTHORITY,0.006088574385132381
BOARD OF EDUCATION CNY,0.005717511053506287
PENNSYLVANIA MANUFACTURERS,0.005536334591116082
NYU LANGONE HOSPITALS,0.005335995233665374
SECURITY NATIONAL INSURANCE CO,0.005139140038952939
ACE AMERICAN INSURANCE CO,0.005031130994066471
ZURICH AMERICAN INSURANCE CO,0.00498583687846892
OLD REPUBLIC INSURANCE CO,0.004935316518763958
TECHNOLOGY INSURANCE CO INC,0.0045538006989230455
TECHNOLOGY INSURANCE CO. INC.,0.004379592562009386
AMTRUST INSURANCE COMPANY,0.004271583517122918
WESCO INSURANCE CO,0.004060791671457391
FEDERAL INSURANCE COMPANY,0.004034660450920342
ELECTRICAL EMPLOYERS,0.003996334660799337
"WEGMANS FOOD MARKETS, INC.",0.0039632351147857415
PROPERTY AND CASUALTY,0.0038099319543017213
SENTRY CASUALTY COMPANY,0.0037977373847177653
NEW JERSEY MANUFACTURERS,0.003735022455428848
ZURICH AMERICAN INSURANCE CO.,0.0036043663527436038
GREAT AMERICAN ALLIANCE INS CO,0.0034371265413064914
PHOENIX INSURANCE COMPANY,0.003367443286541028
MANHATTAN & BRONX SURFACE,0.0032977600317755642
STARR INDEMNITY & LIABILITY,0.0032245926142718275
*** CARRIER UNDETERMINED ***,0.00309045234884831
FEDEX GROUND PACKAGE SYS.,0.0029981220362840706
XL INSURANCE AMERICA INC,0.0029946378735457974
LIBERTY INSURANCE CORP.,0.0029702487343778853
STARR SPECIALTY INSURANCE,0.002951085839317383
MEMIC CASUALTY COMPANY,0.0029145021305655144
NORTH RIVER INS CO,0.0027699093769271775
NORGUARD INSURANCE COMPANY,0.0026653844947789824
PROPERTY & CASUALTY INSURANCE,0.0026497057624567527
"LOWE'S HOME CENTERS, INC.",0.0026044116468592017
XL INSURANCE AMERICA,0.00256434377536906
UNITED WISCONSIN INSURANCE CO,0.0025364704734628747
PHOENIX INSURANCE CO,0.0025068550901875524
SENTINEL INSURANCE CO LTD,0.002388393557086264
TRINITY HEALTH CORPORATION,0.0023622623365492155
STANDARD AND PREFERRED,0.0023465836042269863
LIBERTY MUTUAL FIRE INS CO,0.0023187103023208006
TRAVELERS INDEMNITY CO OF CONN,0.0022594795357701565
LIBERTY INSURANCE CORPORATION,0.0021915383623738295
FEDERAL EXPRESS CORPORATION,0.002144502165407142
ROCHESTER REGIONAL HEALTH,0.002085271398856498
MTA BUS COMPANY,0.0020382352018898098
TWIN CITY FIRE INSURANCE CO,0.0020260406323058537
MEMORIAL SLOAN KETTERING,0.0020103618999836245
BERKSHIRE HATHAWAY HOMESTATE,0.001973778191231756
HARTFORD FIRE INSURANCE CO,0.001968551947124346
HARTFORD INS CO OF THE MIDWEST,0.001965067784386073
STARR INDEMNITY & LIABILITY CO,0.0019249999128959315
"DELHAIZE AMERICA, LLC",0.0018605429022378777
COSTCO WHOLESALE CORPORATION,0.0018030542170563702
UNIVERSITY OF ROCHESTER 1979,0.0016880768466933553
"MACY'S, INC.",0.0016410406497266675
ARCH INSURANCE CO,0.001639298568357531
TRAVELERS CASUALTY & SURETY CO,0.001634072324250121
SOMPO AMERICA FIRE & MARINE,0.0015591628253772477
SOMPO AMERICA  FIRE & MARINE,0.0015295474421019256
NEW YORK CITY TRANSIT AUTH,0.0015260632793636525
ERIE COUNTY MEDICAL CTR CORP.,0.001498189977457467
TOWN OF HEMPSTEAD,0.0014964478960883304
TRI-STATE INSURANCE COMPANY,0.001485995407873511
"GENERAL MOTORS, LLC",0.0014755429196586915
UTICA NATIONAL INS CO OF OHIO,0.001473800838289555
"WESTCHESTER, COUNTY OF",0.0014267646413228668
NORTH RIVER INSURANCE CO.,0.001418054234477184
"BJ'S WHOLESALE CLUB, INC.",0.0013988913394166814
NATIONAL GRID USA,0.0013971492580475448
STARBUCKS CORPORATION,0.0013535972238191301
EVEREST NATIONAL INS COMPANY,0.0013100451895907154
TRAVELERS INDEMNITY CO OF AMER,0.0013048189454833057
WESCO INSURANCE COMPANY,0.001294366457268486
UTICA SPECIALTY RISK INSURANCE,0.0012839139690536665
HARTFORD INSURANCE COMPANY,0.0012786877249462568
NASSAU HEALTH CARE CORP.,0.0012490723416709348
"ROCHESTER, UNIVERSITY OF",0.0012368777720869787
GRAPHIC ARTS MUTUAL INS CO,0.0012333936093487056
VISITING NURSE SERVICE OF NY,0.001231651527979569
HARTFORD CASUALTY INSURANCE CO,0.0012281673652412956
SELECTIVE INSURANCE COMPANY,0.001188099493751154
TOWN OF OYSTER BAY,0.0011637103545832418
HARTFORD UNDERWRITERS INS CO,0.0011358370526770565
HEALTH & HOSPITALS CORP. CNY,0.0011323528899387834
"YONKERS, CITY OF",0.001120158320354827
NY LUMBERMENS INS. TRUST FUND,0.0011097058321400076
AMTRUST INS CO OF KANSAS INC,0.0011097058321400076
TRAVELERS INDEMNITY COMPANY,0.001090542937079505
REPUBLIC FRANKLIN INS CO,0.0010748642047572758
CONTINENTAL INDEMNITY COMPANY,0.0010469909028510904
BANKERS STANDARD INS CO,0.0010452488214819538
NEW YORK COLLEGE,0.0010365384146362709
TRAVELERS CASUALTY INS CO OF,0.0010278280077905878
AMERICAN CASUALTY CO,0.0010243438450523146
UNITED STATES FIRE INS CO,0.0010191176009449049
ARCH INSURANCE COMPANY,0.001001696787253539
EVEREST NATIONAL INSURANCE CO.,0.0009947284617769926
PUBLIC EMPLOYERS RISK,0.0009807918108239
CITY OF BUFFALO BOARD OF,0.0009807918108239
HEREFORD INSURANCE COMPANY,0.0009773076480856268
TRAVELERS INDEMNITY CO OF CT,0.0009773076480856268
COLUMBIA UNIVERSITY,0.0009720814039782171
GOLUB CORPORATION,0.0009546605902868512
SEQUOIA INSURANCE COMPANY,0.0009459501834411682
AMERICAN CASUALTY CO OF,0.0009442081020720316
ERIE INSURANCE COMPANY OF,0.0009320135324880754
REDWOOD FIRE AND CASUALTY,0.000921561044273256
CHURCH MUTUAL INSURANCE,0.0009198189629041194
WEGMANS FOOD MARKETS INC,0.0009145927187967095
ORISKA INSURANCE COMPANY,0.0009041402305818901
TRUMBULL INSURANCE COMPANY,0.0008954298237362071
CONSOLIDATED EDISON CO OF NY,0.0008780090100448412
ROSWELL PARK CANCER INSTITUTE,0.0008727827659374314
UTICA NATIONAL ASSURANCE CO,0.0008710406845682949
TRAVELERS INDEMNITY CO,0.000865814440460885
BANKERS STANDARD INS. CO.,0.0008571040336152021
STATE NATIONAL INSURANCE,0.0008414253012929728
EMPLOYERS INSURANCE COMPANY,0.0008292307317090166
CHUBB INDEMNITY INS CO,0.0008170361621250605
ELECTRICAL EMPLOYERS SELF,0.0008170361621250605
EVEREST PREMIER INSURANCE,0.0008170361621250605
PORT AUTH. OF NY & NJ,0.0008152940807559239
CLEAR SPRING PROPERTY AND,0.0008030995111719679
CITY OF ROCHESTER,0.0008013574298028313
EMPLOYERS ASSURANCE COMPANY,0.0007996153484336946
HARTFORD CASUALTY INS CO,0.0007996153484336946
STARR SPECIALTY INSURANCE CO.,0.000797873267064558
MANUFACTURERS ALLIANCE,0.0007891628602188751
STEWART'S SHOPS CORP.,0.0007752262092657824
TRAVELERS CASUALTY INS. CO.,0.0007752262092657824
CITY OF ROCHESTER BD OF ED,0.0007630316396818262
SOMPO AMERICA INSURANCE,0.0007612895583126897
BROOKDALE HOSPITAL MEDICAL CTR,0.0007578053955744165
REDWOOD FIRE & CASUALTY,0.0007543212328361433
XL SPECIALTY INSURANCE CO,0.0007421266632521872
UNINSURED EMPLOYERS FUND TPA,0.000738642500513914
UTICA NATIONAL INSURANCE CO OF,0.0007351583377756409
STANDARD AND PREFERRED INS,0.0007334162564065042
FDM PREFERRED INSURANCE,0.0007316741750373676
XL SPECIALTY INSURANCE,0.0007281900122990944
CHURCH MUTUAL INSURANCE CO,0.0007247058495608213
OSWEGO COUNTY SELF-INS PLAN,0.0007247058495608213
TWIN CITY FIRE INS CO.,0.0007212216868225481
UTICA MUTUAL INS CO,0.0007072850358694554
COUNTY OF MONROE LAW DEPT,0.0007038008731311822
SIRIUSPOINT AMERICA INSURANCE,0.0006933483849163627
CORNELL UNIVERSITY,0.0006846379780706798
"PEOPLE, INC.",0.0006741854898558602
PHARMACISTS MUTUAL INS CO,0.0006654750830101772
CHAMPLAIN VALLEY PHYSICIANS,0.0006654750830101772
VANLINER INSURANCE COMPANY,0.000661990920271904
ERIE INSURANCE COMPANY,0.0006602488389027675
ERIE #2 SCHOOLS,0.0006567646761644943
FIRE DISTRICTS OF NEW YORK,0.0006567646761644943
"MARRIOTT INTERNATIONAL, INC",0.0006515384320570846
UTICA NATIONAL INS CO OF TEXAS,0.0006480542693188113
CONTINENTAL CASUALTY COMPANY,0.0006445701065805381
DOLGEN OF NEW YORK LLC,0.0006393438624731284
FARM FAMILY CASUALTY INS CO,0.0006341176183657187
SCHOHARIE AREA WC PLAN,0.0006254072115200357
COUNTY OF ERIE,0.0006219230487817625
PHARMACISTS MUTUAL INS. CO.,0.0006184388860434894
CITY OF ALBANY NEW YORK,0.0006097284791978064
PACIFIC INDEMNITY COMPANY,0.0006062443164595332
SENTRY INSURANCE COMPANY,0.0006010180723521235
ONONDOGA COUNTY SELF INSURANCE,0.0006010180723521235
COUNTY OF MONROE,0.0005957918282447136
FLAGSHIP CITY INSURANCE CO,0.0005905655841373039
SARATOGA COUNTY,0.0005905655841373039
SOMPO AMERICA INSURANCE CO,0.0005818551772916209
ERIE INSURANCE PROPERTY,0.0005801130959224843
WESTERN SUFFOLK BOCES,0.0005801130959224843
COUNTY OF ULSTER,0.0005748868518150746
BOARD OF HIGHER EDUCATION CNY,0.0005714026890768014
ALLMERICA FINANCIAL BENEFIT,0.0005679185263385283
TRIBOROUGH B & T AUTH,0.000564434363600255
AMERICAN GUARANTEE & LIABILITY,0.0005609502008619818
VIGILANT INSURANCE COMPANY,0.0005557239567545721
ERIE INSURANCE CO OF NY,0.0005504977126471624
TRAVELERS PROPERTY CASUALTY,0.0005504977126471624
ROCHESTER CITY SCHOOL DISTRICT,0.0005452714685397525
SARATOGA COUNTY WC PLAN,0.000534818980324933
TRAVELERS PROPERTY & CASUALTY,0.0005330768989557965
WEST AMERICAN INSURANCE CO,0.0005330768989557965
SELECTIVE INSURANCE COMPANY OF,0.0005313348175866599
ONONDAGA COUNTY SELF INS DIV,0.0005295927362175232
"SYRACUSE, CITY OF",0.0005295927362175232
"ERIE, COUNTY OF",0.0005191402480027037
ALBANY CITY OF,0.0005191402480027037
MITSUI SUMITOMO INS CO OF,0.0005191402480027037
ROCKLAND COUNTY-BOARD OF,0.0005191402480027037
NYU HOSPITALS CENTER,0.0005139140038952939
ACCREDITED SURETY AND CASUALTY,0.0005121719225261573
ELECTRIC INSURANCE COMPANY,0.000505203597049611
HIGHLAND HOSPITAL OF ROCHESTER,0.0005017194343113378
NATIONAL UNION FIRE INSURANCE,0.0004999773529422013
CHUBB NATIONAL INS COMPANY,0.0004982352715730647
EMPLOYERS PREFERRED,0.0004912669460965183
NEW YORK STATE MUNICIPAL,0.00048604070198910853
MADISON-ONEIDA-HERKIMER,0.00048604070198910853
AMERICAN FIRE & CASUALTY CO,0.0004825565392508353
SYRACUSE UNIVERSITY,0.00047907237651256216
SUFFOLK COUNTY WATER AUTHORITY,0.00047907237651256216
AMERICAN GUAR & LIAB INS CO,0.0004773302951434256
NATIONAL CASUALTY CO,0.00047558821377428895
CITY OF YONKERS,0.00047558821377428895
ROMAN CATHOLIC DIOCESE OF,0.00047558821377428895
UNITED FARM FAMILY INS CO,0.00047384613240515237
"HUNTINGTON, TOWN OF",0.0004651357255594694
SACHEM CENTRAL SCHOOL DIST,0.0004599094814520597
SENTRY INSURANCE A MUTUAL CO,0.0004564253187137865
DUTCHESS COUNTY SELF-INS PLAN,0.0004529411559755133
STATE FARM FIRE & CAS CO,0.0004494569932372401
"DEPAUL GROUP, INC.",0.0004442307491298304
"FEDEX FREIGHT, INC.",0.0004390045050224206
MANUFACTURERS ALLIANCE INS CO,0.000437262423653284
VALLEY FORGE INSURANCE CO,0.0004337782609150108
CINCINNATI INDEMNITY COMPANY,0.0004320361795458742
UTICA SPECIALTY RISK INS. CO.,0.0004320361795458742
BUFFALO BOARD OF EDUCATION,0.00043029409817673764
BERKSHIRE HATHAWAY DIRECT,0.00043029409817673764
CROUSE HEALTH HOSPITAL INC,0.0004268099354384645
PFL NI CARRIER UNDETERMINED,0.0004198416099619181
FORD MOTOR COMPANY,0.0004198416099619181
"ROCKLAND, COUNTY OF",0.00041113120311623517
NEW YORK STATE POWER AUTHORITY,0.0004093891217470986
OUR LADY OF LOURDES HOSPITAL,0.0004059049590088254
SULLIVAN CO SELF INS PLAN,0.0004041628776396888
OHIO CASUALTY INSURANCE CO,0.0004041628776396888
NEWBURGH ENLARGED CSD,0.000398936633532279
PROTECTIVE INSURANCE CO,0.000398936633532279
FEDERATED MUTUAL INS CO,0.00039719455216314243
STONINGTON INSURANCE COMPANY,0.00039545247079400585
ULSTER CO SELF INSURANCE PLAN,0.00039196830805573264
NATIONAL LIABILITY & FIRE INS,0.00039196830805573264
NIAGARA FRONTIER TRANS AUTH,0.00039022622668659606
ALBANY CITY SCHOOL DISTRICT,0.0003815158198409131
NATIONAL CASUALTY COMPANY,0.00037977373847177654
TOWN OF CLARKSTOWN,0.00037803165710263996
NATIONAL FIRE INSURANCE CO,0.00037803165710263996
SCHENECTADY CITY SCHOOLS,0.00037454749436436675
COMMUNITY COLLEGES OF CUNY,0.00037280541299523017
DEPARTMENT OF HEALTH CNY,0.0003710633316260936
EVEREST PREMIER INSURANCE CO.,0.0003710633316260936
CROUSE HOSPITAL,0.000369321250256957
SIRIUSPOINT AMERICA INS CO,0.000369321250256957
ONEIDA CO SELF INSURANCE,0.00036757916888782043
HANOVER INSURANCE CO,0.00036757916888782043
TOWN OF BROOKHAVEN,0.0003658370875186838
BON SECOURS CHARITY HLTH SYS,0.00036061084341127407
AMGUARD INSURANCE COMPANY,0.0003553845993038643
WEBSTER CSD,0.0003553845993038643
LIBERTY MUTUAL INSURANCE CO,0.0003553845993038643
WESTCHESTER CNTY HEALTH CORP,0.0003536425179347277
MERCHANTS MUTUAL INS CO,0.0003536425179347277
STATE FARM FIRE AND CASUALTY,0.00035015835519645454
CONTINENTAL INSURANCE CO,0.00035015835519645454
CITY OF SYRACUSE,0.0003484162738273179
BROOME COUNTY SELF INS PLAN,0.00034667419245818133
CATTARAUGUS COUNTY SI PLAN,0.00034144794835077154
MIDDLE COUNTRY CENTRAL,0.00034144794835077154
STATE NATIONAL INS. CO. INC.,0.00033970586698163496
THE RESOURCE CENTER,0.0003379637856124984
ORANGE COUNTY SELF-INSURANCE,0.0003362217042433618
SAGAMORE INSURANCE COMPANY,0.000330995460135952
TRI-STATE INS CO OF MINNESOTA,0.00032925337876681544
INSURANCE COMPANY OF THE STATE,0.00032925337876681544
GREAT DIVIDE INSURANCE COMPANY,0.00032751129739767886
SYRACUSE CITY SCHOOL DIST,0.0003257692160285423
SYRACUSE CITY SCHOOL DISTRICT,0.0003257692160285423
CITY OF BUFFALO,0.00032228505329026907
SELECTIVE INSURANCE CO OF NY,0.00031705880918285933
TOWN OF ISLIP,0.00031705880918285933
WHITE PLAINS CITY SCHOOL DIST,0.00031705880918285933
FEDEX GROUND PACKAGE SYSTEM IN,0.0003135746464445861
EMPLOYERS INS. CO. OF WAUSAU,0.00031009048370631297
"ALBANY, COUNTY OF",0.0003083484023371764
PRAETORIAN INSURANCE COMPANY,0.0003048642395989032
OHIO SECURITY INSURANCE CO,0.00030138007686063
GUIDEONE SPECIALTY  INSURANCE,0.00030138007686063
CHUBB INDEMNITY COMPANY,0.00029963799549149344
FINGER LAKES REGIONAL HEALTH,0.00029963799549149344
TRANSPORTATION INSURANCE CO,0.00029963799549149344
COUNTY OF WARREN,0.0002978959141223568
BOCES ROCKLAND COUNTY,0.0002978959141223568
GREECE CENTRAL SCHOOL DIST,0.0002978959141223568
PROTECTIVE INSURANCE COMPANY,0.00029615383275322023
DUTCHESS COUNTY SI PLAN,0.00029615383275322023
FIRST LIBERTY INS CORPORATION,0.0002926696700149471
CINCINNATI CASUALTY COMPANY,0.0002926696700149471
THREE VILLAGE CSD,0.00029092758864581044
COUNTY OF ORANGE,0.0002874434259075373
ROCHESTER-GENESEE REGIONAL,0.0002857013445384007
"BROOKHAVEN, TOWN OF",0.00028395926316926413
CAPITAL DIST TRANS AUTHORITY,0.00028395926316926413
BOCES FIRST SUPERVISORY,0.0002822171818001275
SCHENECTADY CITY OF,0.0002804751004309909
ONEIDA COUNTY SELF INS PLAN,0.00027873301906185434
"HEMPSTEAD, INC. VILLAGE OF",0.00027873301906185434
NGM INSURANCE COMPANY,0.00027699093769271776
RENSSELAER COUNTY SELF-,0.00027699093769271776
HIGHVIEW  NATIONAL INSURANCE,0.00027699093769271776
GREAT NECK UNION FREE,0.00027699093769271776
"WHITE PLAINS, CITY OF",0.0002752488563235812
METROPOLITAN TRANSP AUTHORITY,0.00027350677495444455
CHAUTAUQUA COUNTY,0.00027350677495444455
GREAT DIVIDE INSURANCE CO.,0.00027176469358530797
NATIONAL INTERSTATE INSURANCE,0.0002682805308470348
EASTGUARD INSURANCE COMPANY,0.00026653844947789824
HILLSIDE CHILDREN'S CENTER,0.00026653844947789824
UTICA MUTUAL INSURANCE CO,0.00026653844947789824
GUIDEONE MUTUAL INS CO,0.0002647963681087616
ST LAWRENCE CO SELF INS PLAN,0.0002647963681087616
EMPLOYERS COMPENSATION,0.000263054286739625
STRATHMORE INS CO,0.000263054286739625
ALLMERICA FINANCIAL ALLIANCE,0.00026131220537048845
BRENTWOOD UNION FREE,0.00026131220537048845
NASSAU HEALTH CARE CORPORATION,0.00025957012400135187
ARNOT-OGDEN MEDICAL CTR.,0.00025957012400135187
GREATER NEW YORK MUTUAL,0.0002578280426322153
WAYNE COUNTY SELF-INS PLAN,0.0002578280426322153
"BUFFALO, CITY OF",0.00025608596126307866
"UNITED AIRLINES, INC.",0.0002543438798939421
CHAUTAUQUA CNTY SELF-INS FND,0.0002543438798939421
COUNTY OF WESTCHESTER,0.0002526017985248055
HIGHVIEW NATIONAL INSURANCE,0.0002508597171556689
NEW YORK UNIVERSITY,0.00024911763578653234
HEREFORD INS. CO. ILDBF,0.00024911763578653234
FEDERATED RESERVE INSURANCE,0.0002473755544173957
BROOME-DELAWARE-TIOGA BOCES,0.0002473755544173957
EMPLOYERS ASSURANCE CO.,0.00024563347304825913
"KRASDALE FOODS, INC.",0.00024563347304825913
MONTGOMERY CO SELF INS PLAN,0.00024389139167912255
ORISKA INSURANCE CO.,0.00024214931030998595
NEW ROCHELLE CSD,0.00024214931030998595
ROCHESTER INSTITUTE OF TECH,0.00024214931030998595
TOWN OF CHEEKTOWAGA,0.00024040722894084937
PATCHOGUE MEDFORD SCH DIST,0.00024040722894084937
"ST. BARNABAS COMM ENTER., INC.",0.00024040722894084937
MICHIGAN MILLERS MUTUAL,0.0002386651475717128
CHUBB NATIONAL INSURANCE CO.,0.0002386651475717128
CINCINNATI INSURANCE CO,0.0002386651475717128
CLARKSTOWN CENTRAL SCHL DIST,0.00023692306620257618
TOWN OF AMHERST,0.00023692306620257618
CAROLINA CASUALTY INS CO,0.00023692306620257618
ALLMERICA FIN BENEFIT INS CO,0.0002351809848334396
MILFORD CASUALTY INSURANCE CO,0.0002351809848334396
LONG BEACH CITY SCHOOL DIST,0.0002351809848334396
"CUMMINS, INC",0.0002351809848334396
JEFFERSON CO SELF INSURANCE,0.000233438903464303
WASHINGTON CTY SELF INS,0.000233438903464303
TESSY PLASTICS CORP.,0.000233438903464303
COMMERCE AND INDUSTRY INS CO,0.00023169682209516642
ERIE COUNTY MEDICAL CENTER COR,0.00022995474072602984
OTSEGO COUNTY SELF INSURANCE,0.00022995474072602984
LIVINGSTON COUNTY,0.00022995474072602984
BOCES DUTCHESS COUNTY,0.00022647057798775666
JAMESTOWN CITY SCHOOL DISTRICT,0.00022647057798775666
NEW YORK MARINE AND GENERAL,0.00022647057798775666
NORTH SYRACUSE CSD,0.00022647057798775666
RENSSELAER COUNTY OF,0.00022472849661862005
"ABF FREIGHT SYSTEM, INC.",0.00022298641524948348
OLD DOMINION INSURANCE COMPANY,0.00022124433388034687
"MID-HUDSON VALLEY STAFFCO, LLC",0.00022124433388034687
THE RAYMOND CORPORATION,0.00022124433388034687
SENECA COUNTY SELF-INS. PLAN,0.0002195022525112103
SCHENECTADY COUNTY,0.00021776017114207371
ARGONAUT INSURANCE COMPANY,0.0002160180897729371
OLD REPUBLIC GENERAL INSURANCE,0.00021427600840380053
STARSTONE NATIONAL INS. CO.,0.00021427600840380053
CRUM & FORSTER INDEMNITY CO,0.00021253392703466392
"FREEPORT, VILLAGE OF",0.00021253392703466392
ORANGE-ULSTER COUNTY BOCES,0.00021253392703466392
STARSTONE NATIONAL INS CO,0.00021079184566552735
SHENENDEHOWA CENTRAL SCH DIS,0.00020904976429639077
ONTARIO COUNTY MUTUAL SELF,0.00020904976429639077
DOLLAR GENERAL CORPORATION,0.00020904976429639077
COUNTY OF CHEMUNG,0.00020904976429639077
"VIACOM, INC.",0.00020730768292725416
FRONTIER CENTRAL SCHOOLS,0.00020556560155811758
ACCIDENT FUND INSURANCE CO,0.00020556560155811758
NOVA CASUALTY COMPANY,0.00020556560155811758
WYOMING COUNTY WC,0.00020382352018898098
NATIONWIDE AGRIBUSINESS INS CO,0.00020382352018898098
CITY OF NIAGARA FALLS,0.00020382352018898098
INSURANCE COMPANY OF GREATER,0.00020382352018898098
UTICA CSD,0.0002020814388198444
"NORDSTROM, INC.",0.0002020814388198444
FREEPORT UFSD,0.0002020814388198444
"ROCKVILLE CENTRE, VILLAGE OF",0.00020033935745070782
LINDENHURST UNION FREE,0.00020033935745070782
MASSACHUSETTS BAY INS CO,0.00019859727608157122
BJ'S WHOLESALE CLUB INC,0.00019859727608157122
INS CO OF STATE OF PENN,0.00019859727608157122
KATONAH LEWISBORO SCHOOLS,0.00019685519471243464
PLAINVIEW-OLD BETHPAGE CSD,0.00019511311334329803
FIRST LIBERTY INSURANCE CORP.,0.00019511311334329803
UNIONDALE U.F.S.D.,0.00019511311334329803
NATIONAL LIABILITY AND FIRE,0.00019511311334329803
ALLEGANY COUNTY MUTUAL,0.00018988686923588827
SCHENECTADY COUNTY SELF INS,0.0001881447878667517
MERRICK UFSD,0.0001881447878667517
NIAGARA COUNTY MUTUAL SELF INS,0.00018640270649761509
TOWN OF TONAWANDA,0.00018640270649761509
LONGWOOD CSD,0.00018640270649761509
CARMEL CENTRAL SCHOOL DISTRICT,0.00018640270649761509
ROCKVILLE CENTRE UFSD,0.00018640270649761509
FLAGSHIP CITY INSURANCE CO.,0.00018640270649761509
HILLSIDE FAMILY OF AGENCIES,0.0001846606251284785
WILLIAM FLOYD UFSD,0.0001846606251284785
MAINE EMPLOYERS' MUTUAL,0.0001829185437593419
FAIRPORT CSD,0.0001829185437593419
HANOVER INSURANCE GROUP,0.0001829185437593419
VAN LINER INSURANCE CO,0.00018117646239020532
FIREMANS FUND INSURANCE CO,0.00018117646239020532
"ROSINA FOOD PRODUCTS, INC.",0.00018117646239020532
ARLINGTON CSD,0.00017943438102106874
MASSAPEQUA UFSD,0.00017769229965193214
WAYNE-FINGER LAKES BOCES,0.00017769229965193214
RENSSELAER-COLUMBIA-GREENE,0.00017769229965193214
CAYUGA MEDICAL CENTER AT,0.00017769229965193214
ULSTER COUNTY SELF-INSURANCE,0.00017769229965193214
ONONDAGA-CORTLAND-MADISON,0.00017595021828279556
TOWN OF LANCASTER,0.00017595021828279556
CONTINENTAL WESTERN INS CO,0.00017420813691365895
OSWEGO CSD,0.00017420813691365895
FEDERATED SERVICE INSURANCE CO,0.00017420813691365895
ILLINOIS NATIONAL INS CO,0.00017420813691365895
EAST RAMAPO CSD,0.00017246605554452238
ITHACA CITY SCHOOL DISTRICT,0.00017246605554452238
SYOSSET CSD,0.00017072397417538577
RIVERHEAD CENTRAL SCH DIST,0.0001689818928062492
NORTH BABYLON UNION FREE,0.0001689818928062492
KENMORE-TN.TONAWANDA UFSD,0.0001689818928062492
MAHOPAC CSD,0.0001689818928062492
"NEW ROCHELLE, CITY OF",0.0001689818928062492
LAKELAND CSD OF SHRUB OAK,0.0001689818928062492
CITY OF ITHACA,0.00016723981143711261
BOCES PUTNAM-WESTCHESTER CTIES,0.00016723981143711261
CITIZENS INS CO OF AMERICA,0.00016723981143711261
NIAGARA CO MUT SELF INS,0.00016723981143711261
PFL DC CARRIER UNDETERMINED,0.000165497730067976
BEACON CITY SCHOOL DISTRICT,0.000165497730067976
HARRISON CSD,0.00016375564869883943
GREAT NORTHERN INSURANCE CO,0.00016375564869883943
PORT WASHINGTON UFSD,0.00016201356732970282
HALF HOLLOW HILLS CSD,0.00016201356732970282
VALLEY STREAM,0.00016201356732970282
FULTON CO SELF INS PLAN,0.00016201356732970282
METROPOLITAN TRANSPORT AUTHOR,0.00016201356732970282
CITY OF WHITE PLAINS,0.00016201356732970282
GUIDEONE MUTUAL INSURANCE CO,0.00016027148596056625
JERICHO UNION FREE SCHOOL DIST,0.00015852940459142967
MOUNT VERNON CSD,0.00015678732322229306
CITY OF POUGHKEEPSIE,0.00015678732322229306
SEWANHAKA CSD,0.00015678732322229306
LEVITTOWN UFSD,0.00015330316048401988
WEST SENECA CSD,0.00015330316048401988
ACADIA INSURANCE COMPANY,0.0001515610791148833
ERIE INS PROPERTY CASUALTY CO,0.0001515610791148833
MERCHANTS MUTUAL INS. CO.,0.0001515610791148833
POUGHKEEPSIE CITY SCHOOL DIST,0.0001515610791148833
SACHEM CSD AT HOLBROOK,0.0001515610791148833
LEWIS COUNTY SELF-INS PLAN,0.00014981899774574672
EVEREST DENALI INSURANCE,0.00014981899774574672
BOCES SOUTHERN WESTCHESTER,0.00014807691637661012
NORTH ROCKLAND CSD,0.00014807691637661012
GRANITE STATE INSURANCE CO,0.00014807691637661012
UNION INSURANCE COMPANY,0.00014633483500747354
"RYDER TRUCK RENTAL, INC.",0.00014633483500747354
DOLGEN NEW YORK LLC,0.00014459275363833693
"NETFLIX, INC.",0.00014459275363833693
ASPIRE OF WESTERN NY INC.,0.00014459275363833693
BRENTWOOD UFSD,0.00014459275363833693
TROY CITY OF,0.00014459275363833693
FRANKLIN COUNTY SELF INS PLAN,0.00014459275363833693
HARLEYSVILLE INSURANCE COMPANY,0.00014285067226920035
WEST BABYLON UNION FREE,0.00014285067226920035
MIDDLETOWN ENLARGED CSD,0.00014110859090006375
SELECTIVE WAY INSURANCE,0.00014110859090006375
AMERICAN FIRE & CASUALTY CO.,0.00013936650953092717
CENTRAL ISLIP UFSD,0.00013936650953092717
OSWEGO COUNTY SELF INS PLAN,0.00013936650953092717
CITY OF SCHENECTADY,0.0001376244281617906
RC DIOCESE OF BUFFALO,0.0001376244281617906
SOUTH COUNTY CENTRAL SCH DIS,0.00013588234679265399
NORTH PORT E NORTHPORT UNION,0.00013588234679265399
ST LAWRENCE COUNTY,0.00013588234679265399
"TOWN OF ORANGETOWN, NEW YORK",0.00013588234679265399
BALDWIN UNION FREE SCH DIST,0.0001341402654235174
HEMPSTEAD UNION FREE,0.0001341402654235174
DEER PARK UNION FREE SCH DST,0.0001323981840543808
"HARRISON, TOWN/VILLAGE OF",0.0001323981840543808
TOWN OF RAMAPO,0.0001323981840543808
GENERAL CASUALTY COMPANY OF,0.0001323981840543808
GARDEN CITY UFSD,0.00013065610268524422
GENESEE COUNTY SELF-INS PLAN,0.00012891402131610764
COMMACK UFSD,0.00012891402131610764
SCHENECTADY CITY SCHOOL DIST,0.00012891402131610764
MERCHANTS PREFERRED INSURANCE,0.00012891402131610764
KENMORE-TOWN OF TONAWANDA,0.00012891402131610764
STATEN ISLAND RAPID TRANSIT,0.00012717193994697104
FIRE DISTRICTS INSURANCE,0.00012717193994697104
SHENENDEHOWA CSD,0.00012717193994697104
GENESEE COUNTY SELF INS PLAN,0.00012717193994697104
CITIZENS INS. CO. OF AMERICA,0.00012542985857783446
SMITHTOWN CENTRAL SCH DIST,0.00012542985857783446
VISITING NURSE SERVICE OF,0.00012542985857783446
HERRICKS UNION FREE,0.00012368777720869785
EAST ISLIP SCHOOL DISTRICT,0.00012368777720869785
BERKLEY REGIONAL INS COMPANY,0.00012368777720869785
HANOVER AMERICAN INSURANCE CO,0.00012368777720869785
TOWN OF WEST SENECA,0.00012368777720869785
VILLAGE OF OSSINING,0.00012194569583956128
WEST ISLIP UFSD,0.00012194569583956128
BOCES #1,0.00012194569583956128
WESTCHESTER COUNTY HEALTH,0.00012194569583956128
EMPLOYERS PREFERRED INS. CO.,0.00012020361447042468
QBE INSURANCE CORPORATION,0.00012020361447042468
IMPERIUM INSURANCE COMPANY,0.00011846153310128809
CRH AMERICAS INC.,0.00011846153310128809
CITY OF MOUNT VERNON,0.00011846153310128809
CITY OF TROY,0.00011846153310128809
"CH ENERGY GROUP, INC.",0.00011846153310128809
CITY OF NORTH TONAWANDA,0.00011846153310128809
ACE PROPERTY AND CASUALTY,0.00011846153310128809
ZENITH INSURANCE COMPANY,0.0001167194517321515
SIRIUS AMERICA INSURANCE CO.,0.0001167194517321515
TOWN OF COLONIE,0.0001167194517321515
ATLANTIC SPECIALTY INS CO,0.00011497737036301492
"NIAGARA FALLS, CITY OF",0.00011497737036301492
AMERISURE MUTUAL INSURANCE CO,0.00011497737036301492
TRUSTEES OF COLUMBIA,0.00011497737036301492
EVEREST DENALI INSURANCE CO.,0.00011323528899387833
CONNETQUOT CENTRAL SCHOOL,0.00011323528899387833
MANHATTAN AND BRONX SURFACE,0.00011323528899387833
BOCES PUTNAM-WESTCHESTER,0.00011323528899387833
HEMPSTEAD UFSD,0.00011323528899387833
"COLONIE, TOWN OF",0.00011149320762474174
GEORGE JUNIOR REPUBLIC UFSD,0.00011149320762474174
"WATERTOWN, CITY OF",0.00011149320762474174
WELLFLEET NEW YORK INSURANCE,0.00011149320762474174
ROME CITY SCHOOL DISTRICT,0.00011149320762474174
BROOME COUNTY SELF-INS. PLAN,0.00011149320762474174
MICHIGAN MILLERS MUTUAL INS CO,0.00010975112625560515
HERKIMER COUNTY,0.00010975112625560515
GREATER N Y MUTUAL INS CO,0.00010975112625560515
WILLIAMSVILLE CSD,0.00010975112625560515
NATIONAL FUEL GAS COMPANY,0.00010800904488646855
MONROE-WOODBURY CSD,0.00010800904488646855
FULMONT WORKERS' COMP PLAN,0.00010800904488646855
GREAT AMERICAN INS CO,0.00010800904488646855
SOUTH HUNTINGTON UFSD,0.00010800904488646855
SENTRY INSURANCE A MUTUAL,0.00010800904488646855
TOWN OF IRONDEQUOIT,0.00010800904488646855
BELLMORE/MERRICK CHSD,0.00010800904488646855
EAST MEADOW UFSD,0.00010800904488646855
THREE VILLAGE CENTRAL,0.00010626696351733196
BROTHERHOOD MUTUAL INS CO,0.00010626696351733196
WYOMING COUNTY WORKMENS,0.00010626696351733196
HICKSVILLE UNION FREE,0.00010626696351733196
DELAWARE COUNTY SELF-INS. FUND,0.00010626696351733196
LAWRENCE UNION FREE SCH DIST,0.00010626696351733196
SOMERS CSD,0.00010626696351733196
CHIRON INSURANCE COMPANY,0.00010452488214819538
HYDE PARK CENTRAL SCH DIST,0.00010452488214819538
MITSUI SUMITOMO INS CO OF AMER,0.00010452488214819538
MOUNT VERNON CITY SCHOOL DISTR,0.00010452488214819538
CHEMUNG COUNTY SELF-INS. PLAN,0.00010452488214819538
CLARKSTOWN CSD,0.00010452488214819538
"MOUNT VERNON, CITY OF",0.00010452488214819538
CHEROKEE INSURANCE COMPANY,0.00010278280077905879
HEREFORD INSURANCE - ILDBF,0.00010278280077905879
ACIG INSURANCE COMPANY,0.0001010407194099222
BOCES MONROE #2,0.0001010407194099222
SOUTHERN WESTCHESTER BOCES,0.0001010407194099222
TOWN OF HAMBURG,9.929863804078561e-05
BAY SHORE PUBLIC SCHOOL UFSD,9.929863804078561e-05
THE ROCKEFELLER UNIVERSITY,9.929863804078561e-05
WORK FIRST CASUALTY COMPANY,9.929863804078561e-05
CITY SCHOOL DISTRICT,9.929863804078561e-05
INCORPORATED VILLAGE,9.929863804078561e-05
BOCES-WASHINGTON-WARREN,9.929863804078561e-05
TRANSPORTATION INSURANCE CO.,9.929863804078561e-05
EASTCHESTER UFSD,9.929863804078561e-05
NATIONAL INTERSTATE INS CO,9.755655667164902e-05
LEVITTOWN UNION FREE,9.755655667164902e-05
EXECUTIVE RISK INDEMNITY INC,9.755655667164902e-05
ULSTER COUNTY BOCES,9.755655667164902e-05
COUNTY OF ALBANY,9.755655667164902e-05
DEPAUL GROUP INC,9.581447530251242e-05
COUNTY OF CLINTON,9.581447530251242e-05
ERIE #2 AREA SCHOOLS SELF-,9.581447530251242e-05
COLUMBIA COUNTY MUT SELF INS,9.581447530251242e-05
ORLEANS COUNTY SELF-INSURANCE,9.407239393337585e-05
CINCINNATI INSURANCE CO.,9.407239393337585e-05
"FULTON GROUP N.A., INC.",9.407239393337585e-05
CALIFORNIA INSURANCE COMPANY,9.407239393337585e-05
OSSINING UNION FREE SCH DIST,9.407239393337585e-05
NIAGARA FALLS CSD,9.407239393337585e-05
SHERWIN-WILLIAMS COMPANY,9.407239393337585e-05
OSWEGO HOSPITAL,9.407239393337585e-05
TOMPKINS COUNTY,9.233031256423925e-05
EMPLOYERS PREFERRED INSURANCE,9.233031256423925e-05
MILFORD CASUALTY INSURANCE CO.,9.233031256423925e-05
OAK RIVER INSURANCE CO,9.233031256423925e-05
CITY OF GLEN COVE,9.233031256423925e-05
FULMONT WORKERS',9.233031256423925e-05
"TONAWANDA, TOWN OF",9.058823119510266e-05
OCEANSIDE UFSD,9.058823119510266e-05
"RAMAPO, TOWN OF",9.058823119510266e-05
AMITYVILLE UFSD,9.058823119510266e-05
BOARD OF COOPERATIVE,9.058823119510266e-05
GUIDEONE SPECIALTY MUTUAL INSU,9.058823119510266e-05
SOUTH COLONIE CSD,9.058823119510266e-05
MIDDLE COUNTRY CSD,9.058823119510266e-05
TOMPKINS-SENECA-TIOGA BOCES,9.058823119510266e-05
COUNTY OF PUTNAM,8.884614982596607e-05
MAIN STREET AMERICA,8.884614982596607e-05
OBI NATIONAL INSURANCE COMPANY,8.884614982596607e-05
ASCENSION HEALTH ALLIANCE,8.884614982596607e-05
ISLIP UFSD,8.884614982596607e-05
"ONTARIO, COUNTY OF",8.884614982596607e-05
GUILDERLAND CSD,8.884614982596607e-05
VICTOR CENTRAL SCHOOL DISTRICT,8.884614982596607e-05
FRANKLIN COUNTY SELF-INS PLAN,8.884614982596607e-05
NORTH BABYLON UFSD,8.884614982596607e-05
FORD MOTOR CO,8.884614982596607e-05
CARMEL CENTRAL SCHOOL DIST,8.884614982596607e-05
HENDRICK HUDSON SCHOOL DIST,8.884614982596607e-05
MAMARONECK UFSD,8.884614982596607e-05
"LOCKPORT, CITY OF",8.884614982596607e-05
ARNOT OGDEN MEDICAL CENTER,8.710406845682948e-05
TOKIO MARINE AMERICA INS CO,8.710406845682948e-05
POLICE FIRE SNTN. & CRCTN CNY,8.710406845682948e-05
ONONDAGO CORTLAND,8.710406845682948e-05
"GLEN COVE, CITY OF",8.710406845682948e-05
NORTHPORT/E. NORTHPORT SD,8.710406845682948e-05
ONTARIO COUNTY SELF INSURANCE,8.536198708769289e-05
NYACK UNION FREE SCHL DIST,8.536198708769289e-05
BYRAM HILLS CSD,8.536198708769289e-05
CATTARAUGUS/ALLEGANY/ERIE,8.536198708769289e-05
NEW YORK MARINE & GENERAL,8.536198708769289e-05
NEWBURGH ENLARGED CITY,8.536198708769289e-05
EAST IRONDEQUOIT CSD,8.536198708769289e-05
PUTNAM VALLEY CENTRAL,8.536198708769289e-05
BREWSTER CENTRAL SCHOOL DIST,8.536198708769289e-05
"ASPIRE OF WESTERN NEW YORK,INC",8.536198708769289e-05
TOWN OF HARRISON,8.536198708769289e-05
ROMAN CATHOLIC DIOCESE ALB,8.361990571855631e-05
GLEN COVE CITY SCHOOL DISTRICT,8.361990571855631e-05
HIGHLAND HOSPITAL,8.361990571855631e-05
AMERICAN HOME ASSURANCE CO,8.361990571855631e-05
CITY OF WATERTOWN,8.361990571855631e-05
LIVERPOOL CENTRAL SCHOOL DIST,8.361990571855631e-05
ACCIDENT FUND GENERAL,8.361990571855631e-05
NEWARK CSD,8.361990571855631e-05
TIOGA COUNTY MUTUAL,8.361990571855631e-05
"VALLEY STREAM,  INC VILLAGE OF",8.361990571855631e-05
SCARSDALE UNION FREE SCH DT,8.187782434941971e-05
BOCES ORLEANS-NIAGARA,8.187782434941971e-05
COLUMBIA COUNTY MUTUAL,8.187782434941971e-05
EASTMAN KODAK COMPANY,8.187782434941971e-05
"LIFETIME HEALTHCARE, INC.",8.187782434941971e-05
GATES-CHILI CSD,8.187782434941971e-05
MAINE EMPLOYERS MUTUAL INS CO,8.187782434941971e-05
CARILLON NURSING & REHAB CTR.,8.187782434941971e-05
NORTH SHORE CSD,8.187782434941971e-05
CITY OF LACKAWANNA,8.013574298028312e-05
"SAINT-GOBAIN ABRASIVES, INC.",8.013574298028312e-05
ALLIANCE NATIONAL INSURANCE CO,8.013574298028312e-05
ROSLYN UFSD,8.013574298028312e-05
LOCUST VALLEY CSD,8.013574298028312e-05
NATIONAL UNION FIRE INS. CO.,8.013574298028312e-05
PATCHOGUE-MEDFORD SCHOOL DIST,8.013574298028312e-05
QBE INSURANCE CORP.,8.013574298028312e-05
HUNTINGTON UFSD,8.013574298028312e-05
NIAGARA FALLS BOARD OF EDUC,8.013574298028312e-05
MONROE COUNTY WATER AUTHORITY,8.013574298028312e-05
JEFFERSON-LEWIS BOCES,8.013574298028312e-05
TROY CITY SCHOOL DISTRICT,7.839366161114653e-05
PORT CHESTER -RYE UNION FSD,7.839366161114653e-05
ELWOOD UFSD,7.839366161114653e-05
NEW YORK LUMBERMENS,7.839366161114653e-05
DELAWARE COUNTY,7.839366161114653e-05
MANHASSET UNION FREE SCH DIST,7.839366161114653e-05
"WENDY'S INTERNATIONAL, LLC",7.839366161114653e-05
CHILD & FAMILY SERVICES,7.839366161114653e-05
OLD DOMINION INSURANCE CO.,7.665158024200994e-05
HARBORFIELDS CSD,7.665158024200994e-05
SOUTH GLENS FALLS CSD,7.665158024200994e-05
CENTRAL SQUARE CENTRAL SCHOOLS,7.665158024200994e-05
KATONAH-LEWISBORO CSD,7.665158024200994e-05
SHOREHAM-WADING RIVER CSD,7.665158024200994e-05
HEWLETT WOODMERE UFSD,7.665158024200994e-05
CHENANGO VALLEY CENTRAL,7.490949887287336e-05
EXECUTIVE RISK INDEMNITY INC.,7.490949887287336e-05
"RIVERHEAD, TOWN OF",7.490949887287336e-05
ALLIED PROPERTY AND CASUALTY,7.490949887287336e-05
TOWN OF CORTLANDT,7.490949887287336e-05
METROPOLITAN MUSEUM OF ART,7.316741750373677e-05
REGENT INSURANCE COMPANY,7.316741750373677e-05
GUIDEONE ELITE INSURANCE COMPA,7.316741750373677e-05
CITY OF LOCKPORT,7.316741750373677e-05
MONTICELLO CSD,7.316741750373677e-05
LYNBROOK UFSD,7.316741750373677e-05
NORTH COLONIE CENTRAL,7.316741750373677e-05
SAYVILLE UNION FREE,7.316741750373677e-05
PACIFIC EMPLOYERS INS. CO.,7.316741750373677e-05
HAUPPAUGE UFSD,7.316741750373677e-05
HUDSON CITY SCHOOL DISTRICT,7.316741750373677e-05
NIAGARA WHEATFIELD CENTRAL,7.316741750373677e-05
ORANGE & ROCKLAND UTILITIES,7.316741750373677e-05
PLAINEDGE UFSD,7.316741750373677e-05
GREAT WEST CASUALTY COMPANY,7.142533613460018e-05
"NYSARC, INC. CHAUTAUQUA COUNTY",7.142533613460018e-05
ZURICH AMERICAN INSURANCE,7.142533613460018e-05
BOCES OSWEGO COUNTY,7.142533613460018e-05
EASTPORT/SOUTH MANOR C. S. D.,7.142533613460018e-05
BRIGGS & STRATTON CORPORATION,7.142533613460018e-05
BALL CORPORATION,7.142533613460018e-05
INSURANCE COMPANY OF THE WEST,7.142533613460018e-05
ELMONT UFSD,6.968325476546358e-05
NATIONAL SURETY CORPORATION,6.968325476546358e-05
MINEOLA UFSD,6.968325476546358e-05
"MCWANE, INC.",6.968325476546358e-05
EMPLOYERS,6.968325476546358e-05
SMITHTOWN CSD,6.968325476546358e-05
WESTBURY UFSD,6.968325476546358e-05
AMERICAN AUTOMOBILE INS CO,6.968325476546358e-05
JEFFERSON COUNTY SIP,6.968325476546358e-05
UNITED AIRLINES,6.794117339632699e-05
BROOKHAVEN COMSEWEGUE,6.794117339632699e-05
"GREECE, TOWN OF",6.794117339632699e-05
MONTGOMERY COUNTY MUTUAL,6.794117339632699e-05
ERIE #2 SCHOOLS SELF-FUNDED,6.61990920271904e-05
CLERMONT INSURANCE COMPANY,6.61990920271904e-05
COHOES CITY OF,6.61990920271904e-05
WEST SENECA CENTRAL SCH DIST,6.61990920271904e-05
BALDWIN UFSD,6.61990920271904e-05
"SWIFT TRANSPORTATION CO., LLC",6.61990920271904e-05
MASSACHUSETTS BAY INS.CO.C/O,6.61990920271904e-05
WEBSTER CENTRAL SCHOOL DIST,6.61990920271904e-05
GENERAL CASUALTY CO OF WI,6.61990920271904e-05
UNION FREE SCHOOL DISTRICT,6.445701065805382e-05
LIVINGSTON COUNTY SELF INS,6.445701065805382e-05
NEW YORK COLLEGE &,6.445701065805382e-05
COMMACK UNION FREE SCH DIST,6.445701065805382e-05
SPENCERPORT CSD,6.445701065805382e-05
"BATH & BODY WORKS, INC.",6.445701065805382e-05
TOWN OF HUNTINGTON,6.445701065805382e-05
TOWN OF GREECE,6.445701065805382e-05
BON SECOURS CHARITY HEALTH,6.445701065805382e-05
CROUSE HEALTH HOSPITAL INC DBA,6.271492928891723e-05
ADMIRAL INDEMNITY COMPANY,6.271492928891723e-05
EDGEMONT UFSD,6.271492928891723e-05
TOWN OF HAVERSTRAW,6.271492928891723e-05
GATES CHILI CENTRAL SCH DIST,6.271492928891723e-05
WEST GENESEE CSD,6.271492928891723e-05
LOWES HOME CENTERS LLC,6.097284791978064e-05
GOSHEN CENTRAL SCHOOL DISTRICT,6.097284791978064e-05
CENTRAL ISLIP UNION FREE,6.097284791978064e-05
BOCES ST LAWRENCE-LEWIS,6.097284791978064e-05
"NORTH TONAWANDA, CITY OF",6.097284791978064e-05
GREAT NECK UFSD,6.097284791978064e-05
ST. LAWRENCE-LEWIS COUNTIES,6.097284791978064e-05
SYOSSET CENTRAL SCHOOL DIST,6.097284791978064e-05
CONNETQUOT CSD OF ISLIP,6.097284791978064e-05
PACIFIC EMPLOYERS INS CO,6.097284791978064e-05
DEPEW UNION FREE,6.097284791978064e-05
VALLEY CENTRAL SCHOOL DIST,6.097284791978064e-05
TNUS INSURANCE COMPANY,5.9230766550644046e-05
FAYETTEVILLE-MANLIUS,5.9230766550644046e-05
"ISLIP, TOWN OF",5.9230766550644046e-05
HILTON CSD,5.9230766550644046e-05
SEAFORD UFSD,5.9230766550644046e-05
SARATOGA SPRINGS CSD,5.9230766550644046e-05
YATES COUNTY WORKERS COMP,5.9230766550644046e-05
GUIDEONE SPECIALTY MUTUAL,5.9230766550644046e-05
CITY OF ROME,5.9230766550644046e-05
MONTICELLO CENTRAL,5.9230766550644046e-05
RYE CITY SCHOOL DISTRICT,5.9230766550644046e-05
BEEKMANTOWN CSD,5.9230766550644046e-05
VALLEY STREAM UNIFIED,5.9230766550644046e-05
CARLE PLACE UFSD,5.9230766550644046e-05
KINGS PARK CENTRAL SCHL DIST,5.748868518150746e-05
ROSLYN UNION FREE SCHOOL DIS.,5.748868518150746e-05
EAST GREENBUSH CSD,5.748868518150746e-05
LIVERPOOL CSD,5.748868518150746e-05
RIVERHEAD CSD,5.748868518150746e-05
FIDELITY & GUARANTY INS CO,5.748868518150746e-05
TOWN OF YORKTOWN,5.748868518150746e-05
CITY OF BATAVIA,5.748868518150746e-05
BEDFORD CENTRAL SCHOOL DIST,5.748868518150746e-05
SULLIVAN COUNTY,5.748868518150746e-05
GREENBURGH CSD - NO. 7,5.748868518150746e-05
CHURCHVILLE-CHILI CSD,5.574660381237087e-05
AUBURN ENLARGED CITY SCH DIST,5.574660381237087e-05
SULLIVAN COUNTY BOCES,5.574660381237087e-05
ALL AMERICA INSURANCE CO,5.574660381237087e-05
STAR INSURANCE COMPANY,5.574660381237087e-05
EAST ROCKAWAY UFSD,5.574660381237087e-05
YESHIVA UNIVERSITY,5.574660381237087e-05
BREWSTER CSD,5.574660381237087e-05
PORT WASHINGTON UNION FREE,5.574660381237087e-05
LAWRENCE UFSD,5.574660381237087e-05
TOWN OF RIVERHEAD,5.400452244323428e-05
EMPLOYERS MUTUAL CASUALTY CO,5.400452244323428e-05
HARLEYSVILLE PREFERRED INS CO,5.400452244323428e-05
ELMIRA CITY CSD,5.400452244323428e-05
"BOCES ERIE NO.1, 1ST SUPR DIST",5.400452244323428e-05
DOVER UNION FREE SCH DIST,5.400452244323428e-05
UNINSURED EMPLOYERS FUND,5.400452244323428e-05
LINDENHURST UFSD,5.400452244323428e-05
OWENS CORNING,5.400452244323428e-05
QUEENSBURY UFSD,5.400452244323428e-05
BOCES SOLE SUPERVISORY OF,5.226244107409769e-05
QUEENS BORO PUBLIC LIBRARY,5.226244107409769e-05
GENEVA CITY SCHOOL DISTRICT,5.226244107409769e-05
BOCES SUFFOLK - 3RD SUP DIST,5.226244107409769e-05
EMPLOYERS COMPENSATION INS CO,5.226244107409769e-05
VALLEY STREAM CENTRAL HIGH,5.226244107409769e-05
PORT JERVIS CSD,5.226244107409769e-05
CITY OF ALBANY SCHOOL DISTRICT,5.226244107409769e-05
PENFIELD CSD,5.226244107409769e-05
SENECA INSURANCE COMPANY INC,5.05203597049611e-05
COHOES CITY SCHOOL DISTRICT,5.05203597049611e-05
"L. & J.G. STICKLEY, INC.",5.05203597049611e-05
COPIAGUE UNION FREE,5.05203597049611e-05
STARNET INSURANCE COMPANY,5.05203597049611e-05
PUTNAM COUNTY SELF-INSURANCE,5.05203597049611e-05
LOCKPORT CITY SCHOOL DIST,5.05203597049611e-05
WATERTOWN CITY SCHOOL DIST,5.05203597049611e-05
COUNTY OF ROCKLAND,5.05203597049611e-05
OSSINING UFSD,5.05203597049611e-05
BETHPAGE UNION FREE,5.05203597049611e-05
ROOSEVELT UFSD,5.05203597049611e-05
BETHLEHEM CENTRAL SCH DIST,5.05203597049611e-05
SOUTHAMPTON UNION FREE SCH,5.05203597049611e-05
PENN-YAN C.S.D.,4.877827833582451e-05
CHEEKTOWAGA CSD,4.877827833582451e-05
UTICA CITY SCHOOL DISTRICT,4.877827833582451e-05
WTC VOLUNTEER TPA,4.877827833582451e-05
ONEIDA-HERKIMER-MADISON,4.877827833582451e-05
CORNING-PAINTED POST AREA,4.877827833582451e-05
CONSOLIDATED EDISON COMPANY,4.877827833582451e-05
SWEET HOME CENTRAL SCHL DIST,4.877827833582451e-05
WESTCHESTER FIRE INSURANCE,4.703619696668792e-05
KISTNER CONCRETE PRODUCTS INC.,4.703619696668792e-05
BETHLEHEM CSD,4.703619696668792e-05
FLORISTS MUTUAL INSURANCE CO,4.703619696668792e-05
NORTH SALEM CNTRL SCH DIST,4.703619696668792e-05
R C DIOCESE OF OGDENSBURG,4.703619696668792e-05
VALLEY STREAM UNION FREE,4.703619696668792e-05
OUR LADY OF LOURDES MEMORIAL,4.703619696668792e-05
WILLIAMSVILLE CENTRAL SCH DIST,4.703619696668792e-05
PERU CENTRAL SCHOOL DISTRICT,4.703619696668792e-05
HEALTH & HOSPITALS CORP CNY,4.529411559755133e-05
PINE BUSH CSD,4.529411559755133e-05
YORKTOWN CSD,4.529411559755133e-05
PELHAM UFSD,4.529411559755133e-05
SUFFERN CENTRAL SCHOOL DISTRIC,4.529411559755133e-05
EAST IRONDEQUOIT CENTRAL,4.529411559755133e-05
HERRICKS UFSD,4.529411559755133e-05
LANSINGBURGH CSD,4.529411559755133e-05
CITY SCHOOL DISTRICT OF THE,4.529411559755133e-05
BALLSTON SPA CSD,4.529411559755133e-05
CITY OF NEW ROCHELLE,4.529411559755133e-05
NEW HARTFORD CENTRAL,4.529411559755133e-05
BALLSTON SPA CENTRAL,4.355203422841474e-05
CRUM & FORSTER INDEMNITY CO.,4.355203422841474e-05
RLI INSURANCE CO,4.355203422841474e-05
"CORTLANDT, TOWN OF",4.355203422841474e-05
SENECA COUNTY SELF INS PLAN,4.355203422841474e-05
FAIRPORT CENTRAL SCHL DIST,4.355203422841474e-05
TARRYTOWN UFSD,4.355203422841474e-05
CORNING-PAINTED POST,4.355203422841474e-05
HAMPTON BAYS UFSD,4.355203422841474e-05
"SKF USA, INC.",4.355203422841474e-05
KINDERHOOK CSD,4.355203422841474e-05
L BRANDS INC,4.355203422841474e-05
WHITE PLAINS CITY,4.355203422841474e-05
CATSKILL CSD,4.1809952859278153e-05
HAUPPAUGE UNION FREE SCH DST,4.1809952859278153e-05
ALDEN C.S.D.,4.1809952859278153e-05
TOWN OF ORANGETOWN,4.1809952859278153e-05
TONAWANDA CITY SD,4.1809952859278153e-05
PEARL RIVER SCHOOL DISTRICT,4.1809952859278153e-05
AMTRUST INSURANCE COMPANY OF,4.1809952859278153e-05
EAST WILLISTON UNION FREE,4.1809952859278153e-05
PUBLIC SERVICE INSURANCE CO,4.1809952859278153e-05
LEWIS COUNTY SELF INS FUND,4.1809952859278153e-05
EAST SYRACUSE-MINOA CSD,4.1809952859278153e-05
NISKAYUNA CSD,4.1809952859278153e-05
SOUTH ORANGETOWN CSD,4.1809952859278153e-05
NORTH MERRICK UFSD,4.1809952859278153e-05
ALLIANCE NATIONAL INS CO,4.1809952859278153e-05
SWEET HOME CENTRAL SCHOOL,4.1809952859278153e-05
GREAT AMERICAN INSURANCE,4.1809952859278153e-05
BALDSWINVILLE SCHOOL DISTRICT,4.006787149014156e-05
UNITED FARM FAMILY INS. CO.,4.006787149014156e-05
BALDWINSVILLE SCHOOL DISTRICT,4.006787149014156e-05
ROCKY POINT UNION FREE,4.006787149014156e-05
"CHILI, TOWN OF",4.006787149014156e-05
GLEASON WORKS,4.006787149014156e-05
CHEEKTOWAGA MARYVALE UFSD,4.006787149014156e-05
LONGWOOD CENTRAL SCHOOL DIST,4.006787149014156e-05
OLD REPUBLIC GENERAL INS CORP,4.006787149014156e-05
NORTH ROCKLAND CENTRAL,4.006787149014156e-05
CAIRO-DURHAM CSD,4.006787149014156e-05
HALF HOLLOW HLS CENT SCL DST,4.006787149014156e-05
WAYNE COUNTY SELF INS PLAN,4.006787149014156e-05
"BOCES CLINTON, ESSEX, WARREN &",4.006787149014156e-05
NORTH TONAWANDA BOARD OF ED,3.832579012100497e-05
FIREMAN'S FUND INSURANCE CO,3.832579012100497e-05
PINE BUSH CENTRAL SCH DIST,3.832579012100497e-05
TRANS PACIFIC INSURANCE CO,3.832579012100497e-05
NORTH BELLMORE UFSD,3.832579012100497e-05
ROTTERDAM-MOHANASEN,3.832579012100497e-05
CHAPPAQUA CENTRAL SCHL DIST,3.832579012100497e-05
INTREPID INSURANCE COMPANY,3.832579012100497e-05
NORTH SALEM CSD,3.832579012100497e-05
WARWICK VALLEY CENTRAL,3.832579012100497e-05
SOUTH COUNTRY CSD,3.832579012100497e-05
MARRIOTT INTERNATIONAL INC,3.832579012100497e-05
OYSTER BAY-EAST NORWICH CSD,3.832579012100497e-05
WANTAGH UFSD,3.832579012100497e-05
NAPLES C.S.D.,3.832579012100497e-05
DPWN HOLDINGS (USA) INC.,3.832579012100497e-05
PREFERRED PROFESSIONAL INS CO,3.832579012100497e-05
OHIO SECURITY INSURANCE CO.,3.832579012100497e-05
CHEEKTOWAGA CENTRAL SCHOOL DIS,3.832579012100497e-05
METROPOLITAN,3.832579012100497e-05
"WATERVLIET, CITY OF",3.832579012100497e-05
CARTHAGE C.S.D.,3.832579012100497e-05
SCHUYLER-STEUBEN-CHEMUNG-,3.832579012100497e-05
LEPRINO FOODS CO,3.832579012100497e-05
WASHINGTONVILLE CSD,3.832579012100497e-05
KRASDALE FOODS INC,3.6583708751868384e-05
NIAGARA WHEATFIELD CSD,3.6583708751868384e-05
NORTH TONAWANDA CSD,3.6583708751868384e-05
MALONE CSD,3.6583708751868384e-05
SCHUYLER-STEUBEN-CHEMUNG-TIOGA,3.6583708751868384e-05
CLEVELAND HILL UNION,3.6583708751868384e-05
CUMMINS INC,3.6583708751868384e-05
SCARSDALE UFSD,3.6583708751868384e-05
COLD SPRING HARBOR CSD,3.6583708751868384e-05
FRONTIER CENTRAL SCHOOL,3.6583708751868384e-05
WAYNE CENTRAL SCHOOL DISTRICT,3.6583708751868384e-05
WESTCHESTER COMMUNITY COLLEGE,3.6583708751868384e-05
"YORKTOWN, TOWN OF",3.6583708751868384e-05
COUNTY OF FULTON WORKERS,3.6583708751868384e-05
NORTH COLONIE CSD,3.6583708751868384e-05
PITTSFORD CENTRAL SCHOOL DISTR,3.6583708751868384e-05
HUDSON FALLS CENTRAL,3.6583708751868384e-05
ST. MARY'S HEALTHCARE,3.6583708751868384e-05
MASSENA CSD,3.6583708751868384e-05
DRYDEN CSD,3.6583708751868384e-05
BUFFALO SEWER AUTHORITY,3.6583708751868384e-05
AUBURN ENLARGED CITY SCHOOL,3.6583708751868384e-05
VALLEY CENTRAL SCHOOL DISTRICT,3.6583708751868384e-05
"LIMITED BRANDS, INC.",3.484162738273179e-05
WYANDANCH UFSD,3.484162738273179e-05
PHELPS-CLIFTON SPRINGS CSD,3.484162738273179e-05
AVERILL PARK CENTRAL SCH DIST,3.484162738273179e-05
WYANDANCH UNION FREE,3.484162738273179e-05
OGDENSBURG CITY SCHOOL DIST,3.484162738273179e-05
HICKSVILLE UFSD,3.484162738273179e-05
MILLER PLACE UFSD,3.484162738273179e-05
SOUTH ORANGETOWN CENTRAL,3.484162738273179e-05
BERKLEY NATIONAL INSURANCE CO,3.484162738273179e-05
WESTERN REGIONAL OTB,3.484162738273179e-05
CITY OF ELMIRA,3.484162738273179e-05
MINISINK VALLEY CSD,3.484162738273179e-05
WEST IRONDEQUOIT CSD,3.484162738273179e-05
"PEEKSKILL, CITY SCHOOL DIST OF",3.484162738273179e-05
TOKIO MARINE AMERICA INS. CO.,3.484162738273179e-05
CONTINENTAL WESTERN INS. CO.,3.484162738273179e-05
DEPOSITORS INSURANCE COMPANY,3.484162738273179e-05
GREENVILLE CSD,3.484162738273179e-05
"WHITE CASTLE SYSTEM, INC.",3.30995460135952e-05
BROCKPORT CSD,3.30995460135952e-05
WASHINGTONVILLE CENTRAL,3.30995460135952e-05
OSWEGO COUNTY BOCES,3.30995460135952e-05
TACONIC HILLS CSD,3.30995460135952e-05
INDIAN RIVER CENTRAL SCHOOL,3.30995460135952e-05
FRANKLIN SQUARE UFSD,3.30995460135952e-05
CLINTON COUNTY SELF INS PLAN,3.30995460135952e-05
CANANDAIGUA CSD,3.30995460135952e-05
ISLAND TREES UFSD,3.30995460135952e-05
LIBERTY CSD,3.30995460135952e-05
CROTON HARMON UNION FREE,3.30995460135952e-05
FEDERATED RURAL ELECTRIC,3.30995460135952e-05
MITSUI SUMITOMO INSURANCE,3.30995460135952e-05
HORNELL CITY SCHOOL DISTRICT,3.30995460135952e-05
AMERISURE INS CO,3.30995460135952e-05
MASSAPEQUA UNION FREE,3.30995460135952e-05
"ITHACA, CITY OF",3.30995460135952e-05
AUSABLE VALLEY CSD,3.30995460135952e-05
YORKSHIRE-PIONEER CSD,3.30995460135952e-05
SUFFOLK COUNTY OF,3.30995460135952e-05
ACCIDENT FUND INSURANCE,3.30995460135952e-05
ROTTERDAM-MOHONASEN CSD,3.30995460135952e-05
EAST SYRACUSE MINOA,3.1357464644458615e-05
JAMESVILLE-DEWITT CSD,3.1357464644458615e-05
GORHAM-MIDDLESEX CSD,3.1357464644458615e-05
ROCKWOOD CASUALTY INS CO,3.1357464644458615e-05
BRIGHTON CENTRAL SCHOOL DIST,3.1357464644458615e-05
MONROE-WOODBURY CENTRAL,3.1357464644458615e-05
ST MARYS HOSPIT AT AMSTERDAM,3.1357464644458615e-05
CENTRAL MUTUAL INSURANCE CO,3.1357464644458615e-05
DEER PARK UFSD,3.1357464644458615e-05
MAIN STREET AMERICA ASSURANCE,3.1357464644458615e-05
T H E INSURANCE COMPANY,3.1357464644458615e-05
BOCES SOLE SUPERVISORY DIST,3.1357464644458615e-05
NISKAYUNA CENTRAL SCHOOL DIST,3.1357464644458615e-05
TIOGA COUNTY SELF-INS PLAN,3.1357464644458615e-05
ST. LAWRENCE - LEWIS COUNTIES,3.1357464644458615e-05
CAROLINA CASUALTY INSURANCE CO,3.1357464644458615e-05
ORLEANS COUNTY SELF INS PLAN,3.1357464644458615e-05
GARDEN CITY UNION FREE,3.1357464644458615e-05
EAST MEADOW UNION FREE,3.1357464644458615e-05
NYC TRANSIT BOARD OF TRANS,3.1357464644458615e-05
GREENWICH INSURANCE COMPANY,3.1357464644458615e-05
PULASKI ACADEMY,2.9615383275322023e-05
SODUS CSD,2.9615383275322023e-05
BELLMORE MERRICK CENTRAL,2.9615383275322023e-05
VILLAGE OF FREEPORT,2.9615383275322023e-05
PAWLING CSD,2.9615383275322023e-05
RIVERPORT INSURANCE COMPANY,2.9615383275322023e-05
JEFFERSON LEWIS BOARD OF,2.9615383275322023e-05
NYACK UFSD,2.9615383275322023e-05
SPACKENKILL UNION FREE,2.9615383275322023e-05
PALMYRA-MACEDON CSD,2.9615383275322023e-05
BRIARCLIFF MANOR UFSD,2.9615383275322023e-05
DOBBS FERRY UFSD,2.9615383275322023e-05
HOOSICK FALLS CSD,2.9615383275322023e-05
TOWN OF NIAGARA,2.9615383275322023e-05
"GATES, TOWN OF",2.9615383275322023e-05
NANUET UFSD,2.9615383275322023e-05
NATIONWIDE MUTUAL FIRE INS CO,2.9615383275322023e-05
NATIONAL FUEL GAS CO,2.9615383275322023e-05
BUSH INDUSTRIES INC,2.9615383275322023e-05
ARDSLEY UNION FREE SCHL DIST,2.9615383275322023e-05
HASTINGS-ON-HUDSON UFSD,2.9615383275322023e-05
SOUTHOLD UFSD,2.7873301906185435e-05
FALLSBURG CSD,2.7873301906185435e-05
NORTH SYRACUSE CENTRAL,2.7873301906185435e-05
RENSSELAER COLUMBIA GREEN,2.7873301906185435e-05
PLATTSBURGH CITY SCHOOL DIST,2.7873301906185435e-05
FLORAL PARK-BELLEROSE,2.7873301906185435e-05
GREENE CENTRAL SCHOOL DISTRICT,2.7873301906185435e-05
RED CREEK CSD,2.7873301906185435e-05
BERKLEY CASUALTY COMPANY,2.7873301906185435e-05
HADLEY-LUZERNE CENTRAL SCH,2.7873301906185435e-05
MANCHESTER-SHORTSVILLE CSD,2.7873301906185435e-05
MARKEL INS CO,2.7873301906185435e-05
MAHOPAC CENTRAL SCHL DIST,2.7873301906185435e-05
CBS CORPORATION,2.7873301906185435e-05
SOUTH JEFFERSON CENTRAL,2.7873301906185435e-05
RANDOLPH ACADEMY UFSD,2.7873301906185435e-05
BAYPORT-BLUE POINT UNION,2.7873301906185435e-05
HYDE PARK CSD,2.7873301906185435e-05
EASTPORT/SOUTH MANOR C.S.D.,2.7873301906185435e-05
NEW HYDE PARK-GARDEN CITY,2.7873301906185435e-05
WEST GENESEE CENTRAL,2.7873301906185435e-05
PUTNAM VALLEY CSD,2.7873301906185435e-05
OCEANSIDE UNION FREE,2.7873301906185435e-05
HUDSON FALLS CSD,2.7873301906185435e-05
HARRISON CENTRAL SCHOOL DIST,2.7873301906185435e-05
VIACOM INC.,2.7873301906185435e-05
CITY OF WATERVLIET,2.7873301906185435e-05
OTSEGO-NORTHERN,2.7873301906185435e-05
WATERTOWN CITY SCHOOL SYS.,2.7873301906185435e-05
ADMIRAL INDEMNITY CORP.,2.6131220537048846e-05
MEXICO CENTRAL SCHOOL DISTRICT,2.6131220537048846e-05
MILLBROOK CENTRAL SCH DIST,2.6131220537048846e-05
POTSDAM CSD,2.6131220537048846e-05
PLAINVIEW OLD BETHPAGE CNTL,2.6131220537048846e-05
SARANAC CENTRAL SCHOOL DIST,2.6131220537048846e-05
MOUNT SINAI UNION FREE,2.6131220537048846e-05
GUIDEONE INSURANCE COMPANY,2.6131220537048846e-05
WESTHAMPTON BEACH UFSD,2.6131220537048846e-05
LOCKPORT CITY SCHOOL DISTRICT,2.6131220537048846e-05
LYONS CSD,2.6131220537048846e-05
MALVERNE UFSD,2.6131220537048846e-05
MARION CENTRAL SCHOOL DISTRICT,2.6131220537048846e-05
EAST ISLIP UFSD,2.6131220537048846e-05
SAYVILLE UFSD,2.6131220537048846e-05
NORTH SHORE CENT SCHL DIST,2.6131220537048846e-05
BATH CENTRAL SCHOOL,2.6131220537048846e-05
HANOVER AMERICAN INS COMPANY,2.6131220537048846e-05
STRATHMORE INSURANCE CO,2.6131220537048846e-05
ATLANTIC SPECIALTY INS. CO.,2.6131220537048846e-05
ISLAND PARK UNION FREE,2.6131220537048846e-05
INSURANCE COMPANY OF NORTH,2.6131220537048846e-05
BURNT HILLS BALLSTON LAKE CSD,2.6131220537048846e-05
HONEOYE CSD,2.6131220537048846e-05
GREAT AMERICAN ASSURANCE CO,2.6131220537048846e-05
OLEAN CITY CENTRAL SCH DIST,2.6131220537048846e-05
ST. JOSEPH'S HOSPITAL,2.6131220537048846e-05
JORDAN-ELBRIDGE CSD,2.6131220537048846e-05
SOUTHAMPTON UFSD,2.4389139167912254e-05
GUIDEONE ELITE INSURANCE CO.,2.4389139167912254e-05
QUICK CHEK CORPORATION,2.4389139167912254e-05
SPACKENKILL UFSD,2.4389139167912254e-05
RED HOOK CSD,2.4389139167912254e-05
CORTLAND CITY SCHOOL DISTRICT,2.4389139167912254e-05
BERKLEY REGIONAL INSURANCE CO.,2.4389139167912254e-05
MIDWEST EMPLOYERS CASUALTY CO,2.4389139167912254e-05
VILLAGE OF FLORAL PARK,2.4389139167912254e-05
WILLIAM FLOYD UNION FREE,2.4389139167912254e-05
BETHPAGE UFSD,2.4389139167912254e-05
PLEASANTVILLE UNION FREE,2.4389139167912254e-05
BRASHER FALLS CSD,2.4389139167912254e-05
DUNDEE CSD,2.4389139167912254e-05
PHOENIX CENTRAL SCHOOL DIST,2.4389139167912254e-05
BROOKHAVEN COMESWOGUE UFSD,2.4389139167912254e-05
BAYPORT-BLUE POINT UFSD,2.4389139167912254e-05
LANSING CSD,2.4389139167912254e-05
AMHERST C.S.D,2.4389139167912254e-05
BAY SHORE PUBLIC SCHOOL,2.4389139167912254e-05
SARATOGA COUNTY SELF-INS. PLAN,2.4389139167912254e-05
BROOKDALE HOSPITAL MED CTR,2.4389139167912254e-05
AMITYVILLE UNION FREE,2.4389139167912254e-05
ACE PROPERTY & CASUALTY INS CO,2.4389139167912254e-05
UNIONDALE FREE SCHOOL DIST,2.4389139167912254e-05
WARWICK VALLEY CSD,2.2647057798775665e-05
RED HOOK CENTRAL SCH DIST,2.2647057798775665e-05
SOUTH GLENS FALLS CITY,2.2647057798775665e-05
TESSY PLASTICS CORP,2.2647057798775665e-05
DUTCHESS COUNTY,2.2647057798775665e-05
GREAT AMERICAN INSURANCE CO.,2.2647057798775665e-05
ALTMAR-PARISH-WILLIAMSTOWN CSD,2.2647057798775665e-05
PENFIELD CENTRAL SCHOOL DIST,2.2647057798775665e-05
WCF NATIONAL INSURANCE COMPANY,2.2647057798775665e-05
CORTLAND ENLARGED CITY,2.2647057798775665e-05
COPIAGUE UFSD,2.2647057798775665e-05
SIRIUS AMERICA INSURANCE CO,2.2647057798775665e-05
"MITSUI SUMITOMO INS. USA, INC.",2.2647057798775665e-05
SARATOGA SPRINGS CITY SCHOOLS,2.2647057798775665e-05
SENTRY SELECT INSURANCE,2.2647057798775665e-05
"PROJECT P HOLDINGS, LLC D/B/A",2.2647057798775665e-05
ELMONT UNION FREE SCHL DIST,2.2647057798775665e-05
"VERIZON NEW YORK, INC.",2.2647057798775665e-05
WEBATUCK CENTRAL SCHOOL,2.2647057798775665e-05
RAYMOND CORPORATION,2.2647057798775665e-05
WESTBURY UNION FREE SCH DIST,2.2647057798775665e-05
KINGS PARK CENTRAL SCHOOL DIST,2.2647057798775665e-05
MIDDLESEX INSURANCE COMPANY,2.2647057798775665e-05
FLORAL PARK-BELLEROSE SCH DIST,2.2647057798775665e-05
WHEATLAND CHILI CSD,2.2647057798775665e-05
AIG PROPERTY CASUALTY COMPANY,2.2647057798775665e-05
BELLEVILLE HENDERSON CENTRAL,2.2647057798775665e-05
MARKEL AMERICAN INSURANCE,2.0904976429639077e-05
MCWANE INC,2.0904976429639077e-05
PELHAM UNION FREE,2.0904976429639077e-05
MERRICK UNION FREE,2.0904976429639077e-05
PARKER HANNIFIN CORPORATION,2.0904976429639077e-05
RENSSELAER CITY SCHOOL DIST,2.0904976429639077e-05
ARGONAUT-MIDWEST INS CO,2.0904976429639077e-05
SALMON RIVER CSD,2.0904976429639077e-05
WHITESBORO CSD,2.0904976429639077e-05
DIOCESE OF BUFFALO,2.0904976429639077e-05
INDIAN RIVER CENTRAL,2.0904976429639077e-05
CHATHAM CSD,2.0904976429639077e-05
PITTSFORD CENTRAL SCHOOL DIST,2.0904976429639077e-05
ACCIDENT FUND NATIONAL INS CO,2.0904976429639077e-05
WESTHILL CENTRAL SCHOOL DISTRI,2.0904976429639077e-05
CHILD AND FAMILY SERVICES OF,2.0904976429639077e-05
AMERICAN AUTOMOBILE INS. CO.,2.0904976429639077e-05
ARDSLEY UFSD,2.0904976429639077e-05
SOUTH COLONIE CENTRAL,2.0904976429639077e-05
MANHASSET UFSD,2.0904976429639077e-05
BROTHERHOOD MUTUAL INS. CO.,2.0904976429639077e-05
ORLEANS-NIAGARA BOCES,2.0904976429639077e-05
MECHANICVILLE SCHOOLS,2.0904976429639077e-05
SELECTIVE WAY INS CO,2.0904976429639077e-05
HONEOYE FALLS-LIMA CSD,2.0904976429639077e-05
INSURANCE CO OF GREATER N Y,2.0904976429639077e-05
TOWN OF GRAND ISLAND,2.0904976429639077e-05
MARRIOTT CORPORATION,2.0904976429639077e-05
"DOLGENCORP OF NEW YORK, INC.",2.0904976429639077e-05
OBI NATIONAL INSURANCE CO.,2.0904976429639077e-05
BAINBRIDGE-GUILFORD,2.0904976429639077e-05
CATTARAUGUS ALLEGANY ERIE,2.0904976429639077e-05
LAKE PLACID CSD,2.0904976429639077e-05
"FLORAL PARK, INC. VILLAGE OF",2.0904976429639077e-05
WEST IRONDEQUOIT CENTRAL,1.9162895060502485e-05
UNION SPRINGS,1.9162895060502485e-05
GLENS FALLS CSD,1.9162895060502485e-05
FREEPORT UNION FREE SCH DIST,1.9162895060502485e-05
SOLVAY UNION FREE,1.9162895060502485e-05
ONEONTA CITY SCHOOL DISTRICT,1.9162895060502485e-05
PERRY CSD,1.9162895060502485e-05
HALDANE CSD,1.9162895060502485e-05
WEST BABYLON UFSD,1.9162895060502485e-05
JEFFERSON COUNTY,1.9162895060502485e-05
CAROLINA FREIGHT CARRIERS,1.9162895060502485e-05
ISLIP UNION FREE,1.9162895060502485e-05
BOQUET VALLEY CSD,1.9162895060502485e-05
GREAT NORTHERN INS CO,1.9162895060502485e-05
BYRAM HILLS CENTRAL,1.9162895060502485e-05
SOUTH LEWIS CENTRAL SCHOOL DIS,1.9162895060502485e-05
"WENDY'S INTERNATIONAL, INC.",1.9162895060502485e-05
EAST BLOOMFIELD CENTRAL SCHOOL,1.9162895060502485e-05
BOLIVAR-RICHBURG CSD,1.9162895060502485e-05
OYSTER BAY-EAST NORWICH,1.9162895060502485e-05
ALLIED PROPERTY & CASUALTY,1.9162895060502485e-05
AVON CENTRAL SCHOOL DISTRICT,1.9162895060502485e-05
WAYNE FINGER LAKES BOCES,1.9162895060502485e-05
SARATOGA SPRINGS CITY SCHOOL,1.9162895060502485e-05
LYNBROOK UNION FREE SCH DIST,1.9162895060502485e-05
COXSACKIE-ATHENS CSD,1.9162895060502485e-05
PINE PLAINS CSD,1.9162895060502485e-05
SOUTH HUNTINGTON UNION FREE,1.9162895060502485e-05
NEWARK VALLEY CENTRAL,1.7420813691365896e-05
MARLBORO CENTRAL SCHOOL DIST,1.7420813691365896e-05
MILLBROOK CSD,1.7420813691365896e-05
NATIONWIDE MUTUAL FIRE,1.7420813691365896e-05
BRUSHTON - MOIRA CSD,1.7420813691365896e-05
EASTMAN KODAK CO,1.7420813691365896e-05
CORNWALL CENTRAL SCHOOL DIST,1.7420813691365896e-05
EAST GREENBUSH CENTRAL SCHS,1.7420813691365896e-05
VALLEY STREAM UFSD #13,1.7420813691365896e-05
PORT JERVIS,1.7420813691365896e-05
CNY OTHER THAN E HE WT HHC & H,1.7420813691365896e-05
NEWARK CENTRAL SCHOOL DISTRICT,1.7420813691365896e-05
YORK CSD,1.7420813691365896e-05
CAYUGA MEDICAL CENTER,1.7420813691365896e-05
ELMIRA CITY CENTRAL,1.7420813691365896e-05
RHINEBECK CENTRAL SCH DIST,1.7420813691365896e-05
VALLEY STREAM UFSD #30,1.7420813691365896e-05
GREAT WESTERN CASUALTY CO.,1.7420813691365896e-05
LIVINGSTON CO SELF INS PLAN,1.7420813691365896e-05
SALAMANCA CITY CENTRAL,1.7420813691365896e-05
PEARL RIVER UFSD,1.7420813691365896e-05
PORT CHESTER RYE UNION FREE SC,1.7420813691365896e-05
ARLINGTON CENTRAL,1.7420813691365896e-05
EASTCHESTER UNION FREE,1.7420813691365896e-05
FAYETTEVILLE-MANLIUS CSD,1.7420813691365896e-05
CARTHAGE CENTRAL SCHOOL DIST,1.7420813691365896e-05
CANANDAIGUA CITY SCHOOL DIST,1.7420813691365896e-05
AMHERST CENTRAL SCHOOL DIST,1.7420813691365896e-05
CATSKILL CENTRAL,1.7420813691365896e-05
GANANDA CSD,1.7420813691365896e-05
MERCHANTS PREFERRED INS. CO.,1.7420813691365896e-05
TIG INSURANCE COMPANY,1.7420813691365896e-05
TOWN OF EASTCHESTER,1.7420813691365896e-05
LE ROY CSD,1.7420813691365896e-05
GOUVERNEUR CSD,1.7420813691365896e-05
"STANLEY BLACK & DECKER, INC.",1.7420813691365896e-05
SEWANHAKA CENTRAL HIGH,1.7420813691365896e-05
ABF FREIGHT SYSTEMS INC DEL,1.7420813691365896e-05
ROCKVILLE CENTRE UNION FREE,1.7420813691365896e-05
GREAT AMERICAN SPIRIT,1.7420813691365896e-05
PATRIOT GENERAL INSURANCE CO,1.7420813691365896e-05
MATTITUCK-CUTCHOGUE UNION,1.7420813691365896e-05
STANDARD FIRE INS CO,1.7420813691365896e-05
CAZENOVIA CENTRAL SCH DIST,1.7420813691365896e-05
MINEOLA UNION FREE SCHOOL DIST,1.7420813691365896e-05
SIRIUS AMERICA INSURANCE,1.7420813691365896e-05
TUPPER LAKE CSD,1.5678732322229308e-05
R C DIOCESE OF ALBANY,1.5678732322229308e-05
UPSTATE NIAGARA COOPERATIVE,1.5678732322229308e-05
NORTH POINTE INSURANCE CO,1.5678732322229308e-05
DOVER UFSD,1.5678732322229308e-05
AMCO INSURANCE COMPANY,1.5678732322229308e-05
ENLARGED CITY SCHOOL,1.5678732322229308e-05
CROTON HARMON UFSD,1.5678732322229308e-05
WATERFORD HALFMOON UFSD,1.5678732322229308e-05
MT PLEASANT CENTRAL SCH DIST,1.5678732322229308e-05
KINDERHOOK / ICHABOD CRANE,1.5678732322229308e-05
CLYDE-SAVANNAH CSD,1.5678732322229308e-05
CHAPPAQUA CSD,1.5678732322229308e-05
HALDANE CENTRAL SCHOOL DIST,1.5678732322229308e-05
TUCKAHOE UNION FREE,1.5678732322229308e-05
TRI-VALLEY CSD,1.5678732322229308e-05
ST REGIS FALLS CENTRAL,1.5678732322229308e-05
ELDRED CSD,1.5678732322229308e-05
PORT JEFFERSON UFSD,1.5678732322229308e-05
HUNTER TANNERSVILLE CSD,1.5678732322229308e-05
GREAT AMERICAN INS CO OF NY,1.5678732322229308e-05
HIGHLAND FALLS/FT MONTGOMERY,1.5678732322229308e-05
NEW YORK CITY HOUSING AUTH,1.5678732322229308e-05
GREECE CSD,1.5678732322229308e-05
"EAST ROCHESTER, VILLAGE OF",1.5678732322229308e-05
SALMON RIVER CENTRAL,1.5678732322229308e-05
OAK RIVER INSURANCE COMPANY,1.5678732322229308e-05
FABIUS-POMPEY CSD,1.3936650953092717e-05
SARANAC LAKE CENTRAL,1.3936650953092717e-05
GREENWOOD LAKE UNION,1.3936650953092717e-05
ST PAUL FIRE & MARINE INS CO,1.3936650953092717e-05
GALWAY CSD,1.3936650953092717e-05
LOCUST VALLEY CENTRAL,1.3936650953092717e-05
COLD SPRING HARBOR,1.3936650953092717e-05
OLEAN CITY SCHOOL DISTRICT,1.3936650953092717e-05
HEWLETT WOODMERE UNION FREE,1.3936650953092717e-05
POCANTICO HILLS CSD,1.3936650953092717e-05
NORTH BELLMORE UNION,1.3936650953092717e-05
STILLWATER CENTRAL SCH DIST,1.3936650953092717e-05
TRAVELERS CASUALTY CO OF CONN,1.3936650953092717e-05
TARGET CORPORATION,1.3936650953092717e-05
FLORISTS' MUTUAL INSURANCE CO,1.3936650953092717e-05
CANISTEO-GREENWOOD C.S.D.,1.3936650953092717e-05
ROOSEVELT UNION FREE,1.3936650953092717e-05
WHITNEY POINT CSD,1.3936650953092717e-05
ELWOOD UNION FREE,1.3936650953092717e-05
WAYLAND-COHOCTON CSD,1.3936650953092717e-05
ISLAND PARK UFSD,1.3936650953092717e-05
WELLSVILLE CENTRAL SCHOOL,1.3936650953092717e-05
HADLEY LUZERNE CSD,1.3936650953092717e-05
HARBORFIELDS CENTRAL,1.3936650953092717e-05
TRANSIT GENERAL INSURANCE,1.3936650953092717e-05
EAST HAMPTON UFSD,1.3936650953092717e-05
JAMESVILLE-DEWITT CENTRAL,1.3936650953092717e-05
MAINE-ENDWELL CSD,1.3936650953092717e-05
CHITTENANGO CSD,1.3936650953092717e-05
LIVONIA CSD,1.3936650953092717e-05
WANTAGH UNION FREE SCHL DIST,1.3936650953092717e-05
HANNIBAL CENTRAL SCHOOL,1.3936650953092717e-05
FLORIDA UNION FREE SCH DIST,1.3936650953092717e-05
BROCKPORT CENTRAL,1.3936650953092717e-05
MORAVIA CENTRAL SCHOOL DIST,1.3936650953092717e-05
PRIVILEGE UNDERWRITERS,1.3936650953092717e-05
MATTITUCK-CUTCHOGUE UFSD,1.3936650953092717e-05
HARLEYSVILLE WORCESTER INS CO,1.3936650953092717e-05
CARLE PLACE UNION FREE,1.3936650953092717e-05
PENN-YAN CENTRAL SCHOOL DIST,1.3936650953092717e-05
SOUTH JEFFERSON C.S.D.,1.3936650953092717e-05
TRUMANSBURG CENTRAL,1.3936650953092717e-05
GENESEE-LIVINGSTON-STEUBEN-,1.3936650953092717e-05
LIBERTY CENTRAL SCHOOL DIST,1.3936650953092717e-05
NEW HARTFORD CSD,1.3936650953092717e-05
QUEENS BOROUGH,1.2194569583956127e-05
FARMINGTON CASUALTY COMPANY,1.2194569583956127e-05
NANUET UNION FREE,1.2194569583956127e-05
ROCKY POINT UFSD,1.2194569583956127e-05
SCHUYLERVILLE CSD,1.2194569583956127e-05
SCHODACK CENTRAL SCHOOL DIST,1.2194569583956127e-05
FARMERS INSURANCE EXCHANGE,1.2194569583956127e-05
HUNTINGTON UNION FREE,1.2194569583956127e-05
HANNIBAL CSD,1.2194569583956127e-05
EAST RAMAPO CENTRAL SCH DIST,1.2194569583956127e-05
BEDFORD CSD,1.2194569583956127e-05
DELHI CENTRAL SCHOOL DIST,1.2194569583956127e-05
KENDALL CSD,1.2194569583956127e-05
GENESEE VALLEY CSD,1.2194569583956127e-05
BABYLON UFSD,1.2194569583956127e-05
NORTH ROSE-WOLCOTT CSD,1.2194569583956127e-05
UNATEGO CENTRAL SCHOOL DIST,1.2194569583956127e-05
WILLIAMSON CSD,1.2194569583956127e-05
MILWAUKEE CASUALTY INSURANCE C,1.2194569583956127e-05
DEPOSIT CSD,1.2194569583956127e-05
CHITTENANGO CENTRAL SCHOOL,1.2194569583956127e-05
LAKELAND CENTRAL SCHOOL,1.2194569583956127e-05
RANDOLPH ACADEMY UNION,1.2194569583956127e-05
CAMPBELL-SAVONA CSD,1.2194569583956127e-05
KISTNER CONCRETE PRODUCTS INC,1.2194569583956127e-05
SAG HARBOR UFSD,1.2194569583956127e-05
WEST VALLEY CENTRAL SCH DIST,1.2194569583956127e-05
BRIDGEHAMPTON UFSD,1.2194569583956127e-05
HOLLAND PATENT CSD,1.2194569583956127e-05
SOLVAY UNION FREE SCHOOL DIST,1.2194569583956127e-05
MEDINA CENTRAL SCHOOL DISTRICT,1.2194569583956127e-05
LAFAYETTE CENTRAL SCH DIST,1.2194569583956127e-05
ELLENVILLE CSD,1.2194569583956127e-05
"ELMA, TOWN OF",1.2194569583956127e-05
SPRINGS UNION FREE SCHOOL,1.2194569583956127e-05
CITY OF MIDDLETOWN,1.2194569583956127e-05
SALEM CENTRAL SCHOOL DIST,1.2194569583956127e-05
ACE FIRE UNDERWRITERS,1.2194569583956127e-05
NORWICH CITY SCHOOL DISTRICT,1.2194569583956127e-05
BERLIN CENTRAL SCHOOL DISTRICT,1.2194569583956127e-05
CHEEKTOWAGA-SLOAN U.F.S.D.,1.2194569583956127e-05
DANSVILLE CENTRAL SCH DIST,1.2194569583956127e-05
CATTARAUGUS-LITTLE VALLEY,1.2194569583956127e-05
LYNDONVILLE CENTRAL SCHOOL,1.2194569583956127e-05
GREENE CENTRAL SCHOOL DIST,1.2194569583956127e-05
PARISHVILLE-HOPKINTON CENTRAL,1.2194569583956127e-05
PEERLESS INSURANCE CO,1.2194569583956127e-05
"EASTCHESTER, TOWN OF",1.2194569583956127e-05
HILTON CENTRAL SCHOOL DIST,1.2194569583956127e-05
ROCHDALE INSURANCE COMPANY,1.2194569583956127e-05
SULLIVAN WEST CSD,1.2194569583956127e-05
WILLSBORO CENTRAL SCHOOL DIST,1.0452488214819538e-05
ELMIRA HEIGHTS CSD,1.0452488214819538e-05
CUBA-RUSHFORD CSD,1.0452488214819538e-05
PORT BYRON CSD,1.0452488214819538e-05
WEST ISLIP UNION FREE,1.0452488214819538e-05
WHITEHALL CSD,1.0452488214819538e-05
TUCKAHOE COMMON SD,1.0452488214819538e-05
COXSACKIE ATHENS,1.0452488214819538e-05
ADIRONDACK CENTRAL SCHOOL,1.0452488214819538e-05
TOWN OF OGDEN,1.0452488214819538e-05
GATES VOLUNTEER AMBULANCE SVC,1.0452488214819538e-05
THE TOWN OF GRAND ISLAND,1.0452488214819538e-05
SOUTH KORTRIGHT CENTRAL,1.0452488214819538e-05
NEW ROCHELLE CITY SCH DIST,1.0452488214819538e-05
CAMBRIDGE CSD,1.0452488214819538e-05
MAINE-ENDWELL CENTRAL,1.0452488214819538e-05
ELDRED CENTRAL SCHOOL DISTRICT,1.0452488214819538e-05
SPENCERPORT CENTRAL SCH DIST,1.0452488214819538e-05
HARLEYSVILLE INS CO. OF NY,1.0452488214819538e-05
GREENBURGH CENTRAL,1.0452488214819538e-05
NORTHEASTERN CLINTON CENTRAL,1.0452488214819538e-05
QUEENSBURY SCHOOL DISTRICT,1.0452488214819538e-05
NORTH ROSE-WOLCOTT,1.0452488214819538e-05
CARILLON NURSING AND,1.0452488214819538e-05
E. ROCH. UNION FREE SCH DIST,1.0452488214819538e-05
EAST QUOGUE UNION FREE,1.0452488214819538e-05
FRANKLIN-ESSEX-,1.0452488214819538e-05
GERMANTOWN CEN SCHOOL DIST,1.0452488214819538e-05
MAMARONECK UNION FREE,1.0452488214819538e-05
PITTSFORD CENT SCHOOL DIST,1.0452488214819538e-05
SPECIAL FUNDS SEC 25-A,1.0452488214819538e-05
SCHUYLERVILLE CENTRAL SCHOOL,1.0452488214819538e-05
ISLAND TREES UNION FREE,1.0452488214819538e-05
EAST WILLISTON UFSD,1.0452488214819538e-05
ARKPORT CENTRAL SCHOOL,1.0452488214819538e-05
SALAMANCA CITY SCHOOL DISTRICT,1.0452488214819538e-05
BABYLON UNION FREE SCHOOL DIST,1.0452488214819538e-05
THOUSAND ISLANDS CSD,1.0452488214819538e-05
"FULTON BOILER WORKS, INC.",1.0452488214819538e-05
"FAIRPORT, VILLAGE OF",1.0452488214819538e-05
BRUNSWICK CSD,1.0452488214819538e-05
ODESSA-MONTOUR CENTRAL,1.0452488214819538e-05
GREENWICH CENTRAL,1.0452488214819538e-05
BETHLEHEM STEEL CORPORATION,1.0452488214819538e-05
TULLY CENTRAL SCHOOL DISTRICT,1.0452488214819538e-05
TIOGA CENTRAL SCHOOL DIST,1.0452488214819538e-05
POUGHKEEPSIE CITY SCH DIST,1.0452488214819538e-05
MECHANICVILLE PUBLIC SCHOOLS,1.0452488214819538e-05
FORT ANN CSD,1.0452488214819538e-05
VICTOR CENTRAL SCHOOL DIST,1.0452488214819538e-05
PLAINEDGE UNION FREE,1.0452488214819538e-05
INDIAN LAKE CSD,1.0452488214819538e-05
FAIRPORT MUNICIPAL COMMISSION,1.0452488214819538e-05
BLIND BROOK - RYE UNION FREE,1.0452488214819538e-05
YORKSHIRE-PIONEER CENTRAL,1.0452488214819538e-05
WELLSVILLE CSD,8.710406845682948e-06
ALDEN CENTRAL SCHOOL DIST,8.710406845682948e-06
ALEXANDRIA CENTRAL SCHOOL DIST,8.710406845682948e-06
BRADFORD CENTRAL SCHOOL,8.710406845682948e-06
SAUQUOIT VALLEY CENTRAL SCH,8.710406845682948e-06
CALEDONIA MUMFORD CENTRAL,8.710406845682948e-06
CINCINNATTI CASUALTY COMPANY,8.710406845682948e-06
LANSING CENTRAL SCHOOL DIST,8.710406845682948e-06
HEALTHSTAR NETWORK INC.,8.710406845682948e-06
MIDDLETOWN CITY OF,8.710406845682948e-06
PHOENIX CSD,8.710406845682948e-06
TOWN OF GATES,8.710406845682948e-06
BALL CORP,8.710406845682948e-06
NEWFIELD CSD,8.710406845682948e-06
GREENWICH CSD,8.710406845682948e-06
SOMERS CENTRAL SCHOOL DIST,8.710406845682948e-06
HAMMONDSPORT CENTRAL,8.710406845682948e-06
SHOREHAM WADING RIVER,8.710406845682948e-06
HOLLEY CSD,8.710406845682948e-06
POTSDAM CENTRAL SCHOOL,8.710406845682948e-06
CAZENOVIA CSD,8.710406845682948e-06
NATIONAL SURETY CORP,8.710406845682948e-06
SUFFERN CENTRAL SCHOOL DIST.,8.710406845682948e-06
ADDISON CENTRAL SCHOOL DISTRIC,8.710406845682948e-06
BRUNSWICK CENTRAL,8.710406845682948e-06
HEALTHSTAR NETWORK INC,8.710406845682948e-06
BURNT HILLS-BALLSTON LAKE,8.710406845682948e-06
SANDY CREEK CENTRAL,8.710406845682948e-06
MID-CENTURY INSURANCE CO,8.710406845682948e-06
UPSTATE NIAGA COOPERATIVES INC,8.710406845682948e-06
VILLAGE OF BROCKPORT,8.710406845682948e-06
VALLEY STREAM UFSD #24,8.710406845682948e-06
MCGRAW CENTRAL SCHOOL DIST,8.710406845682948e-06
ENTERGY NUCLEAR OPERATIONS INC,8.710406845682948e-06
CERITY INSURANCE COMPANY,8.710406845682948e-06
ERIE COUNTY MEDICAL CENTER,8.710406845682948e-06
SOUTHERN INSURANCE COMPANY,8.710406845682948e-06
WESTHILL CSD,8.710406845682948e-06
CORINTH CENTRAL SCHOOL DIST,8.710406845682948e-06
BOLIVAR-RICHBURG CENTRAL,8.710406845682948e-06
KIRYAS JOEL VILLAGE UFSD,8.710406845682948e-06
PORTVILLE CSD,8.710406845682948e-06
DE RUYTER CENTRAL,8.710406845682948e-06
NORTHEASTERN CLINTON CSD,8.710406845682948e-06
WASHINGTON MILLS ELECTRO,8.710406845682948e-06
LAFAYETTE CENTRAL SCHOOL DIST,8.710406845682948e-06
"NETFLIX, INC",8.710406845682948e-06
ROXBURY CENTRAL SCHOOL,8.710406845682948e-06
TRUCK INSURANCE EXCHANGE,8.710406845682948e-06
RYDER SYSTEM INC.,8.710406845682948e-06
GROTON CSD,8.710406845682948e-06
MARYLAND CASUALTY COMPANY,8.710406845682948e-06
FORT EDWARD UNION,8.710406845682948e-06
GILBOA CONESVILLE CSD,8.710406845682948e-06
CATTARAUGUS-LITTLE VALLEY CSD,8.710406845682948e-06
AKRON CSD,8.710406845682948e-06
GENESEO CSD,8.710406845682948e-06
NEWARK VALLEY CSD,8.710406845682948e-06
TOWN OF NORTH HEMPSTEAD,8.710406845682948e-06
RHINEBECK CSD,8.710406845682948e-06
NAPLES CENTRAL SCHOOL DIST,8.710406845682948e-06
ACCIDENT FUND NATONAL INS CO,8.710406845682948e-06
OTSEGO-NORTHERN CATSKILLS,8.710406845682948e-06
LOWVILLE CENTRAL SCHOOL DIST,8.710406845682948e-06
BLIND BROOK-RYE UFSD,8.710406845682948e-06
GRANVILLE CENTRAL,8.710406845682948e-06
SKF INDUSTRIES INC,8.710406845682948e-06
LYNCOURT UFSD AT SALINA,8.710406845682948e-06
CAMPBELL SAVONA CENTRAL SCHOOL,8.710406845682948e-06
"NORTH HEMPSTEAD, TOWN OF",8.710406845682948e-06
"OWENS-ILLINOIS, INC.",8.710406845682948e-06
DOBBS FERRY UNION FREE,8.710406845682948e-06
TUCKAHOE UFSD,6.968325476546359e-06
BARKER CSD,6.968325476546359e-06
WATKINS GLEN CENTRAL,6.968325476546359e-06
LETCHWORTH CENTRAL,6.968325476546359e-06
HOMER CSD,6.968325476546359e-06
CHATHAM CENTRAL SCHOOL DISTRIC,6.968325476546359e-06
GATES VOLUNTEER AMBULANCE,6.968325476546359e-06
LYNCOURT UNION FREE SCHOOL,6.968325476546359e-06
"MINEOLA,  INC. VILLAGE OF",6.968325476546359e-06
SCHROON LAKE CENTRAL SCH DIST,6.968325476546359e-06
NYAHSA SERVICES INC,6.968325476546359e-06
ELMSFORD UNION FREE,6.968325476546359e-06
NORTH WARREN CSD,6.968325476546359e-06
TUPPER LAKE CENTRAL,6.968325476546359e-06
STEWART'S ICE CREAM CO INC,6.968325476546359e-06
MORRISTOWN CSD,6.968325476546359e-06
JOHNSBURG CENTRAL SCH DIST,6.968325476546359e-06
MT. PLEASANT CSD,6.968325476546359e-06
BOCES LIVINGSTON-STEUBEN-,6.968325476546359e-06
ALLEGANY-LIMESTONE,6.968325476546359e-06
"BATH & BODY WORKS, INC",6.968325476546359e-06
BELFAST CENTRAL SCHOOL DIST,6.968325476546359e-06
WHITESVILLE CENTRAL SCHOOL,6.968325476546359e-06
ELLENVILLE CENTRAL SCHOOL DIST,6.968325476546359e-06
CAPITAL DISTRICT TRANS AUTH,6.968325476546359e-06
NORTHERN ADIRONDACK CSD,6.968325476546359e-06
BOCES ST. LAWRENCE-LEWIS,6.968325476546359e-06
HEUVELTON CENTRAL,6.968325476546359e-06
FILLMORE CENTRAL SCHOOL,6.968325476546359e-06
GEORGE JUNIOR REPUBLIC,6.968325476546359e-06
DEPEW UFSD,6.968325476546359e-06
INFINITY ASSURANCE INS. CO.,6.968325476546359e-06
ADDISON CSD,6.968325476546359e-06
GENESEO CENTRAL SCHOOL DIST,6.968325476546359e-06
NYC TRANSIT BOARD OF TRNSPRTN,6.968325476546359e-06
FIRE ISLAND UFSD,6.968325476546359e-06
BRONXVILLE UNION FREE SCHOOL,6.968325476546359e-06
NATIONAL FUEL GAS SUPPLY,6.968325476546359e-06
GENERAL BROWN CENTRAL,6.968325476546359e-06
TROY ENLARGED CSD,6.968325476546359e-06
"TOPS MARKETS, INC.",6.968325476546359e-06
BOARD OF COOPERATIVE EDUC,6.968325476546359e-06
"OLDCASTLE, INC.",6.968325476546359e-06
NORTHERN INSURANCE CO OF NY,6.968325476546359e-06
AMERISURE INSURANCE COMPANY,6.968325476546359e-06
ALLIED EASTERN INDEMNITY CO,6.968325476546359e-06
HANCOCK CSD,6.968325476546359e-06
FRANKLIN SQ UNION FREE,6.968325476546359e-06
HONEOYE CENTRAL SCHOOL DIST,6.968325476546359e-06
GUARANTEE INSURANCE COMPANY,6.968325476546359e-06
NEW YORK MILLS UNION FREE,6.968325476546359e-06
STANDARD FIRE INSURANCE CO,6.968325476546359e-06
GROTON CENTRAL SCHOOL DIST,6.968325476546359e-06
GENESIS INSURANCE COMPANY,6.968325476546359e-06
MORIAH CENTRAL SCHOOL DISTRICT,6.968325476546359e-06
GLENS FALLS COMMON SD,6.968325476546359e-06
WILLIAMSON CENTRAL SCHOOL,6.968325476546359e-06
PROCENTURY INSURANCE COMPANY,6.968325476546359e-06
ACCIDENT FUND GENERAL INS CO,6.968325476546359e-06
CANTON CENTRAL SCHOOL DISTRICT,6.968325476546359e-06
WATERVILLE CENTRAL,6.968325476546359e-06
HARRISVILLE CSD,6.968325476546359e-06
NETHERLANDS INSURANCE CO,6.968325476546359e-06
MILFORD CSD,6.968325476546359e-06
MOUNT MORRIS CSD,6.968325476546359e-06
MARATHON CENTRAL SCHOOL,6.968325476546359e-06
ALFRED-ALMOND CSD,6.968325476546359e-06
ELMSFORD UFSD,6.968325476546359e-06
MARKEL INSURANCE COMPANY,6.968325476546359e-06
WARRENSBURG CSD,6.968325476546359e-06
YORK CENTRAL SCHOOL DISTRICT,6.968325476546359e-06
WAYLAND CENTRAL SCHOOL DIST,6.968325476546359e-06
COOPERSTOWN CENTRAL,6.968325476546359e-06
ORISKANY CENTRAL SCHOOL DIST,6.968325476546359e-06
POUGHKEEPSIE CITY OF,6.968325476546359e-06
MALVERNE UNION FREE SCL DIST,6.968325476546359e-06
ALBION CENTRAL SCHOOL DIST,6.968325476546359e-06
BROOKLYN BUREAU OF COMMUNITY,6.968325476546359e-06
CANISTEO CENTRAL SCHOOL DIST,6.968325476546359e-06
LISBON CSD,6.968325476546359e-06
LAKE GEORGE CSD,6.968325476546359e-06
HOMELAND INSURANCE CO OF NY,6.968325476546359e-06
REMSEN CSD,6.968325476546359e-06
SULLIVAN WEST CENTRAL SCHOOL,6.968325476546359e-06
CHESTER UNION FREE,6.968325476546359e-06
BRIARCLIFF MANOR UNION FREE,6.968325476546359e-06
FALLSBURG CENTRAL SCHOOL DIST,6.968325476546359e-06
LUMBERMANS MUT. CAS. CO.,6.968325476546359e-06
GLENS FALLS CITY SCHOOL DIST,6.968325476546359e-06
TRUMANSBURG CSD,6.968325476546359e-06
MALONE CENTRAL SCHOOL DIST,6.968325476546359e-06
CLEVELAND-HILL UFSD,6.968325476546359e-06
LE ROY CENTRAL SCHOOL DISTRICT,6.968325476546359e-06
HOOSIC VALLEY CENTRAL SCHOOL,6.968325476546359e-06
CORNWALL CSD,5.226244107409769e-06
E ROCKAWAY UNION FREE SCH DT,5.226244107409769e-06
LAKE GEORGE CENTRAL,5.226244107409769e-06
SCIO CSD,5.226244107409769e-06
WAUSAU UNDERWRITERS INS CO,5.226244107409769e-06
MT MORRIS CENTRAL SCH DIST,5.226244107409769e-06
HARRISVILLE CENTRAL,5.226244107409769e-06
PARAMOUNT GLOBAL,5.226244107409769e-06
CANDOR CENTRAL SCHOOL DIST,5.226244107409769e-06
ALLSTATE INSURANCE COMPANY,5.226244107409769e-06
TUXEDO UFSD,5.226244107409769e-06
NORTHERN ADIRONDACK,5.226244107409769e-06
BRIDGEHAMPTON UNION FREE,5.226244107409769e-06
"HONEOYE FALLS, VILLAGE OF",5.226244107409769e-06
PARKER HANNIFIN CORP,5.226244107409769e-06
GOSHEN CENTRAL SCHOOL DIST,5.226244107409769e-06
CINCINNATUS CENTRAL SCH DIST,5.226244107409769e-06
DRYDEN CENTRAL SCHOOL,5.226244107409769e-06
UNION SPRINGS CSD,5.226244107409769e-06
PRATTSBURG CENTRAL,5.226244107409769e-06
GENESEE VALLEY CENTRAL,5.226244107409769e-06
ACE FIRE UNDERWRITERS INS,5.226244107409769e-06
INSURANCE CO OF NORTH AMERICA,5.226244107409769e-06
CINCINNATUS CSD,5.226244107409769e-06
MORRIS CENTRAL SCHOOL DIST,5.226244107409769e-06
ELLICOTTVILLE CENTRAL SCHOOL,5.226244107409769e-06
TOWN OF SWEDEN,5.226244107409769e-06
LANCER INDEMNITY COMPANY,5.226244107409769e-06
WORCESTER CENTRAL SCHOOL,5.226244107409769e-06
UNITED STATES FID & GUAR CO,5.226244107409769e-06
BERLIN CENTRAL SCHOOL DIST,5.226244107409769e-06
SAUQUOIT VALLEY CSD,5.226244107409769e-06
HIGHLAND FALLS-FORT,5.226244107409769e-06
ALLEGANY-LIMESTONE CSD,5.226244107409769e-06
LANSINGBURGH CENTRAL,5.226244107409769e-06
T.H.E. INSURANCE COMPANY,5.226244107409769e-06
AMERICAN MOTORISTS INS CO,5.226244107409769e-06
PORTVILLE CENTRAL SCHOOL,5.226244107409769e-06
PROCTOR & GAMBLE MFG CO,5.226244107409769e-06
WARRENSBURG CENTRAL SCHOOL,5.226244107409769e-06
KESHEQUA CENTRAL SCH DIST,5.226244107409769e-06
E. ROCH UNION FREE SCH. DIST,5.226244107409769e-06
ROCHDALE INS CO,5.226244107409769e-06
CANDOR CSD,5.226244107409769e-06
JEFFERSON CSD,5.226244107409769e-06
MADRID-WADDINGTON CSD,5.226244107409769e-06
NEWCOMB CSD,5.226244107409769e-06
PULASKI ACADEMY & CENTRAL SCHO,5.226244107409769e-06
PAWLING CENTRAL SCHOOL DIST,5.226244107409769e-06
WAYNE CENTRAL SCHOOL DIST,5.226244107409769e-06
WATERVILLE CSD,5.226244107409769e-06
WALTON CENTRAL SCHOOL DIST,5.226244107409769e-06
HOLLEY CENTRAL SCHOOL DIST,5.226244107409769e-06
AMERICAN INSURANCE CO,5.226244107409769e-06
WHITE CASTLE SYSTEM INC,5.226244107409769e-06
SCIO CENTRAL SCHOOL,5.226244107409769e-06
FRANKLINVILLE CSD,5.226244107409769e-06
CHARLOTTE VALLEY CENTRAL SCH,5.226244107409769e-06
HILTON-PARMA FIRE DISTRICT,5.226244107409769e-06
EAST BLOOMFIELD CENTRAL,5.226244107409769e-06
SOUTHOLD UNION FREE,5.226244107409769e-06
BOARD OF HIGHER ED CNY,5.226244107409769e-06
SAMSUNG FIRE & MARINE INS,5.226244107409769e-06
CHATEAUGAY CSD,5.226244107409769e-06
EDWARDS-KNOX CSD,5.226244107409769e-06
LIVINGSTON MANOR CENTRAL,5.226244107409769e-06
WILLIAMSBURG NATIONAL INS CO,5.226244107409769e-06
WEBB UFSD,5.226244107409769e-06
RANDOLPH CSD,5.226244107409769e-06
NYS WCB (LIABLE CARRIER IS 06),5.226244107409769e-06
CLIFTON-FINE CSD,5.226244107409769e-06
WALTON CENTRAL SCHOOL DISTRICT,5.226244107409769e-06
LEPRINO FOODS COMPANY,5.226244107409769e-06
CHESTER UFSD,5.226244107409769e-06
WHITNEY POINT CENTRAL,5.226244107409769e-06
MOUNT SINAI UFSD,5.226244107409769e-06
BEAVER RIVER CSD,5.226244107409769e-06
WESTCHESTER FIRE INSURANCE CO,5.226244107409769e-06
DANSVILLE CSD,5.226244107409769e-06
ROCKEFELLER UNIVERSITY,5.226244107409769e-06
AVOCA CENTRAL SCHOOL DIST,5.226244107409769e-06
MINISINK VALLEY CENTRAL,5.226244107409769e-06
RC DIOCESE OF SYRACUSE,5.226244107409769e-06
NORWOOD-NORFOLK CSD,5.226244107409769e-06
COLTON-PIERREPONT CSD,5.226244107409769e-06
ARROWOOD INDEMNITY CO,5.226244107409769e-06
YORKTOWN CENTRAL SCHOOL DIST,3.4841627382731793e-06
LYME CENTRAL SCHOOL DISTRICT,3.4841627382731793e-06
ALBION CENTRAL SCHOOL DISTRICT,3.4841627382731793e-06
JASPER-TROUPSBURG CSD,3.4841627382731793e-06
GREENWOOD LAKE UFSD,3.4841627382731793e-06
CHEEKTOWAGA-SLOAN UNION FREE,3.4841627382731793e-06
FRANKLINVILLE CENTRAL,3.4841627382731793e-06
AMAGANSETT UFSD,3.4841627382731793e-06
EMPIRE STATE TRANSPORTATION,3.4841627382731793e-06
VILLAGE OF EAST ROCHESTER,3.4841627382731793e-06
LAURENS CENTRAL SCHOOL,3.4841627382731793e-06
PROVIDENCE WASHINGTON INS CO,3.4841627382731793e-06
AIG PROPERTY CASUALTY CO.,3.4841627382731793e-06
GERMANTOWN CENTRAL,3.4841627382731793e-06
TONAWANDA CITY SCHOOL DISTRICT,3.4841627382731793e-06
ALFRED-ALMOND CENTRAL SCHOOL,3.4841627382731793e-06
ROSCOE CENTRAL SCHOOL DISTRICT,3.4841627382731793e-06
OGDENSBURG CITY,3.4841627382731793e-06
FLORIDA UFSD,3.4841627382731793e-06
WHITESBORO CENTRAL SCH DIST,3.4841627382731793e-06
DELHI CSD,3.4841627382731793e-06
HANCOCK CENTRAL SCHOOL DISTRIC,3.4841627382731793e-06
PRATTSBURG CSD,3.4841627382731793e-06
ERIE COUNTY MEDICAL CTR. CORP,3.4841627382731793e-06
RYE NECK UNION FREE,3.4841627382731793e-06
FORT EDWARD UFSD,3.4841627382731793e-06
NEW YORK TRANSPORTATION TRUST,3.4841627382731793e-06
CANASERAGA CENTRAL SCHOOL,3.4841627382731793e-06
MARLBORO CSD,3.4841627382731793e-06
HARTFORD CSD,3.4841627382731793e-06
SPRINGS UFSD,3.4841627382731793e-06
AVOCA CENTRAL SCHOOL DISTRICT,3.4841627382731793e-06
EXCELSIOR INSURANCE CO,3.4841627382731793e-06
LIVINGSTON MANOR CSD,3.4841627382731793e-06
KEENE CENTRAL SCHOOL DISTRICT,3.4841627382731793e-06
ADIRONDACK CSD,3.4841627382731793e-06
CHATEAUGAY CENTRAL,3.4841627382731793e-06
"MARILLA, TOWN OF",3.4841627382731793e-06
WAUSAU BUSINESS INSURANCE CO,3.4841627382731793e-06
"USF RED STAR, INC.",3.4841627382731793e-06
HARTFORD CENTRAL SCHOOL,3.4841627382731793e-06
GARRISON UNION FREE SCH DIST,3.4841627382731793e-06
SCHODACK CSD,3.4841627382731793e-06
RYE NECK UFSD,3.4841627382731793e-06
BOCES WASHINGTON WARREN,3.4841627382731793e-06
AVERILL PARK CENTRAL SCHL DIST,3.4841627382731793e-06
HOOSIC VALLEY CSD,3.4841627382731793e-06
GREAT NORTHERN INSURANCE CO.,3.4841627382731793e-06
MILLER PLACE UNION FREE,3.4841627382731793e-06
FORT ANN CENTRAL SCH DIST,3.4841627382731793e-06
LIVONIA CENTRAL SCHOOL DIST,3.4841627382731793e-06
MARCUS WHITMAN CENTRAL,3.4841627382731793e-06
GILBOA-CONESVILLE,3.4841627382731793e-06
TOWN OF CHILI,3.4841627382731793e-06
AMERICAN PROTECTION INS CO.,3.4841627382731793e-06
WHITEHALL CENTRAL SCHOOL DIST,3.4841627382731793e-06
TICONDEROGA CENTRAL SCH DIST,3.4841627382731793e-06
HUNTER-TANNERSVILLE CENTRAL,3.4841627382731793e-06
HAMPTON BAYS U F S D,3.4841627382731793e-06
CLARENDON NATIONAL INS. CO.,3.4841627382731793e-06
CHERRY VALLEY SPRINGFIELD CSD,3.4841627382731793e-06
ANDOVER CENTRAL SCHOOL,3.4841627382731793e-06
HAMMONDSPORT CSD,3.4841627382731793e-06
FEDERATED RURAL ELECTRIC INS.,3.4841627382731793e-06
"BROCKPORT, VILLAGE OF",3.4841627382731793e-06
BEDIVERE INSURANCE COMPANY,3.4841627382731793e-06
HINSDALE CENTRAL SCHOOL,3.4841627382731793e-06
PEERLESS INDEMNITY INS CO,3.4841627382731793e-06
HARTFORD INSURANCE COMPANY OF,3.4841627382731793e-06
OBI AMERICA INSURANCE COMPANY,3.4841627382731793e-06
HOMER CENTRAL SCHOOL DIST,3.4841627382731793e-06
NEWFIELD CENTRAL SCHOOL DIST,3.4841627382731793e-06
"DRESSER INDUSTRIES, INC.",3.4841627382731793e-06
GREENWICH INSURANCE CO,3.4841627382731793e-06
CLINTON CSD,3.4841627382731793e-06
FRIENDSHIP CSD,3.4841627382731793e-06
BERKLEY NATIONAL INSURANCE CO.,3.4841627382731793e-06
K-MART CORPORATION,3.4841627382731793e-06
CHAZY CENTRAL SCHOOL DIST,3.4841627382731793e-06
OWEGO-APALACHIN CENTRAL,3.4841627382731793e-06
WARSAW CENTRAL SCHOOL DISTRICT,3.4841627382731793e-06
SALEM CSD,3.4841627382731793e-06
PARTY-OF-INTEREST CARRIER,3.4841627382731793e-06
LYONS CENTRAL SCHOOL DISTRICT,3.4841627382731793e-06
TULLY CENTRAL SCHOOL DIST,3.4841627382731793e-06
RAMAPO CSD,3.4841627382731793e-06
BROOKFIELD CSD,3.4841627382731793e-06
MINERVA CENTRAL SCHOOL DIST,3.4841627382731793e-06
SOMPO JAPAN INSURANCE,3.4841627382731793e-06
WHEATLAND CHILI CENTRAL,3.4841627382731793e-06
GREIF BROS CORP,3.4841627382731793e-06
SOUTH LEWIS CSD,3.4841627382731793e-06
BOCES FRANKLIN-ESSEX-HAMILTON,3.4841627382731793e-06
LAFARGEVILLE CENTRAL SCHOOL DI,3.4841627382731793e-06
COPENHAGEN CENTRAL SCHOOL DIST,3.4841627382731793e-06
NATIONAL AMERICAN INS CO,3.4841627382731793e-06
BARKER CENTRAL SCHOOL DISTRICT,3.4841627382731793e-06
HEALTHCARE IND TRUST OF NY,3.4841627382731793e-06
FRANKLIN CENTRAL SCHOOL DIST.,3.4841627382731793e-06
CLIFFSTAR CORPORATION,3.4841627382731793e-06
ELMIRA HEIGHTS CENTRAL,3.4841627382731793e-06
ORISKANY CSD,3.4841627382731793e-06
"ARGONAUT-MIDWEST INS, CO",3.4841627382731793e-06
QUOGUE UFSD,3.4841627382731793e-06
NATIONWIDE PROPERTY AND,3.4841627382731793e-06
NORWOOD-NORFOLK CENTRAL,3.4841627382731793e-06
"L & J G STICKLEY, INC.",3.4841627382731793e-06
PORT BYRON CENTRAL SCHOOL,3.4841627382731793e-06
FILLMORE CSD,3.4841627382731793e-06
REMSENBURG-SPEONK UFSD,3.4841627382731793e-06
SENECA INSURANCE CO. INC.,3.4841627382731793e-06
ELLICOTTVILLE CENTRAL,3.4841627382731793e-06
HONEOYE FALLS-LIMA CENTRAL,3.4841627382731793e-06
PORT JEFFERSON UNION FREE SCHO,3.4841627382731793e-06
STAMFORD CENTRAL SCHOOL,3.4841627382731793e-06
SACKETTS HARBOR CENTRAL,3.4841627382731793e-06
AKRON CENTRAL SCHOOL DISTRICT,3.4841627382731793e-06
THE TRAVELERS CASUALTY COMPANY,3.4841627382731793e-06
EAST ROCHESTER UNION FREE,3.4841627382731793e-06
PALMYRA-MACEDON CENTRAL,1.7420813691365897e-06
BOCES DISTRICT OF ORANGE &,1.7420813691365897e-06
MIDWEST EMPLOYERS CAS. CO.,1.7420813691365897e-06
GREENPORT UFSD,1.7420813691365897e-06
CAMBRIDGE CENTRAL SCHOOL,1.7420813691365897e-06
ARI INSURANCE COMPANY,1.7420813691365897e-06
DUNDEE CENTRAL SCHOOL DIST,1.7420813691365897e-06
MARATHON CENTRAL SCHOOL DIST,1.7420813691365897e-06
TRAVELERS CASUALTY AND SURETY,1.7420813691365897e-06
CHAZY CENTRAL SCHOOL DISTRICT,1.7420813691365897e-06
EMPIRE STATE HOSPITALITY TRUST,1.7420813691365897e-06
KEENE CENTRAL SCHOOL DIST,1.7420813691365897e-06
MOUNTAIN VALLEY INDEMNITY CO,1.7420813691365897e-06
BOLTON CENTRAL SCHOOL DISTRICT,1.7420813691365897e-06
NATIONWIDE ASSURANCE COMPANY,1.7420813691365897e-06
GALWAY CENTRAL SCHOOL DIST,1.7420813691365897e-06
IDEAL MUTUAL INSURANCE CO,1.7420813691365897e-06
KESHEQUA CSD,1.7420813691365897e-06
NATIONWIDE MUTUAL INSURANCE,1.7420813691365897e-06
BROOKFIELD CENTRAL SCHOOL,1.7420813691365897e-06
STILLWATER CSD,1.7420813691365897e-06
NATIONAL FUEL GAS SUPP CORP,1.7420813691365897e-06
NATIONAL FUEL GAS DIST CORP,1.7420813691365897e-06
SECURITY INS CO OF HARTFORD,1.7420813691365897e-06
PHELPS-CLIFTON SPRINGS CENTRAL,1.7420813691365897e-06
GEORGIA PACIFIC CORPORATION,1.7420813691365897e-06
EDMESTON CENTRAL,1.7420813691365897e-06
MADRID-WADDINGTON CENTRAL,1.7420813691365897e-06
"MID-HUDSON VALLEY STAFFCO, LL",1.7420813691365897e-06
SCHENEVUS CSD,1.7420813691365897e-06
R C DIOCESE OF BROOKLYN,1.7420813691365897e-06
SEAFORD UNION FREE,1.7420813691365897e-06
EAST QUOQUE UFSD,1.7420813691365897e-06
LINCOLN GENERAL INSURANCE CO.,1.7420813691365897e-06
SAMSUNG FIRE & MARINE,1.7420813691365897e-06
COLTON-PIERREPONT CTL SCHOOL,1.7420813691365897e-06
"L T V STEEL COMPANY,  INC.",1.7420813691365897e-06
MASSENA CENTRAL,1.7420813691365897e-06
HAMMOND CENTRAL SCHOOL,1.7420813691365897e-06
ARROWOOD INDEMNITY COMPANY,1.7420813691365897e-06
GOUVERNEUR CENTRAL,1.7420813691365897e-06
"CRH AMERICAS, INC",1.7420813691365897e-06
ANDES CENTRAL SCHOOL DISTRICT,1.7420813691365897e-06
ALLIANZ GLOBAL RISKS US,1.7420813691365897e-06
LAURENS CENTRAL SCHOOL DISTRIC,1.7420813691365897e-06
HASTINGS ON HUDSON UNION,1.7420813691365897e-06
JOHNSBURG CSD,1.7420813691365897e-06
E I DUPONT DENEMOURS & CO,1.7420813691365897e-06
THE JOHN T MATHER MEMORIAL,1.7420813691365897e-06
GREAT ATLANTIC & PACIFIC TEA,1.7420813691365897e-06
DELHI CENTRAL SCHOOL DISTRICT,1.7420813691365897e-06
SAFETY FIRST INSURANCE COMPANY,1.7420813691365897e-06
FABIUS-POMPY CENTRAL,1.7420813691365897e-06
NEW YORK CENTRAL MUTUAL FIRE,1.7420813691365897e-06
FAIRMONT INS. CO. C/O TIG INS.,1.7420813691365897e-06
NEW LEBANON CSD,1.7420813691365897e-06
EDWARDS-KNOX CENTRAL,1.7420813691365897e-06
PARAMOUNT INSURANCE COMPANY,1.7420813691365897e-06
PENN MILLERS INSURANCE CO,1.7420813691365897e-06
NISKAYUNA TOWN OF,1.7420813691365897e-06
GENERAL BROWN CSD,1.7420813691365897e-06
DISCOVER PROP & CAS INS CO,1.7420813691365897e-06
POWER AUTHORITY OF THE STATE,1.7420813691365897e-06
TOWN OF ELMA,1.7420813691365897e-06
ATLANTIC MUTUAL INSURANCE CO.,1.7420813691365897e-06
CHARLOTTE VALLEY CENTRAL SD,1.7420813691365897e-06
LYME CSD,1.7420813691365897e-06
GREENE COUNTY,1.7420813691365897e-06
TOWN OF MARILLA,1.7420813691365897e-06
"NEW ERA CAP COMPANY, INC.",1.7420813691365897e-06
WESTHAMPTON BEACH UNION,1.7420813691365897e-06
WESTERN REGIONAL OTB CORP,1.7420813691365897e-06
REMSENBURG SPEONK UNION FREE,1.7420813691365897e-06
NEW YORK MILLS UFSD,1.7420813691365897e-06
"SPECIAL TRADES, CONTRACTING &",1.7420813691365897e-06
CHEETOWAGA-SLOAN UNION FREE,1.7420813691365897e-06
MINERVA CSD,1.7420813691365897e-06
L & J G STICKLEY INC,1.7420813691365897e-06
NATIONAL SPECIALTY INSURANCE,1.7420813691365897e-06
MONTAUK UFSD,1.7420813691365897e-06
WEBUTUCK CSD,1.7420813691365897e-06
DERUYTER CENTRAL SCHOOL DIST,1.7420813691365897e-06
NY & PRESBYTERIAN HOSPITAL,1.7420813691365897e-06
SOUTH KORTRIGHT C.S.D.,1.7420813691365897e-06
GREAT ATLANTIC & PACIFIC,1.7420813691365897e-06
VILLANOVA INSURANCE COMPANY,1.7420813691365897e-06
ROMAN CATHOLIC ARCHDIOCESE,1.7420813691365897e-06
FIREMANS INSURANCE COMPANY OF,1.7420813691365897e-06
RELIANCE INSURANCE CO.,1.7420813691365897e-06
FIRST CENTRAL INS CO,1.7420813691365897e-06
UNIGARD INSURANCE COMPANY,1.7420813691365897e-06
LAKE PLACID CENTRAL SCH DIST,1.7420813691365897e-06
OYSTERPONDS UNION FREE,1.7420813691365897e-06
UNIVERSAL UNDERWRITERS,1.7420813691365897e-06
PLEASANTVILLE UFSD,1.7420813691365897e-06
PEERLESS INSURANCE COMPANY,1.7420813691365897e-06
SAG HARBOR UNION FREE,1.7420813691365897e-06
PENNSYLVANIA  INSURANCE CO,1.7420813691365897e-06
GREAT AMERICAN SPIRIT INS. CO,1.7420813691365897e-06
PINE PLAINS CENTRAL,1.7420813691365897e-06
CITY OF PORT JERVIS,1.7420813691365897e-06
STEUBEN COUNTY SELF INS PLAN,1.7420813691365897e-06
MEDINA CENTRAL SCHOOL DIST,1.7420813691365897e-06
RELIANCE INSURANCE CO. OF NY,1.7420813691365897e-06
NORTHEAST HEALTH,1.7420813691365897e-06
HDI GLOBAL INSURANCE COMPANY,1.7420813691365897e-06
SAMARITAN MEDICAL CENTER,1.7420813691365897e-06
HEALTHCARE UNDERWRITERS MUTUAL,1.7420813691365897e-06
EAST HAMPTON UNION FREE,1.7420813691365897e-06
REMSEN CENTRAL SCHOOL,1.7420813691365897e-06
KIRYAS JOEL VILLAGE UNION,1.7420813691365897e-06
CITY OF COHOES,1.7420813691365897e-06
WEST VALLEY CSD,1.7420813691365897e-06
WESTPORT INSURANCE CORP,1.7420813691365897e-06
DEPOSIT CENTRAL SCHOOL DIST,1.7420813691365897e-06
MORRIS CENTRAL SCHOOL DIST.,1.7420813691365897e-06
BEAVER RIVER CENTRAL,1.7420813691365897e-06
HARTFORD INS CO OF ILLINOIS,1.7420813691365897e-06
PATRIOT GENERAL INS. CO.,1.7420813691365897e-06
TIG INSURANCE COMPANY OF NY,1.7420813691365897e-06
GOLUB CORP,1.7420813691365897e-06
INDIAN RIVER CENTRAL SCHOOL SY,1.7420813691365897e-06
STUEBEN ALLEGANY BOCES,1.7420813691365897e-06
CITY OF PEEKSKILL,1.7420813691365897e-06
CANTON CENTRAL SCHOOL DIST,1.7420813691365897e-06
NYSARC WORKERS' COMP TRUST,1.7420813691365897e-06
AU SABLE VALLEY CENTRAL,1.7420813691365897e-06
CHERRY VALLEY SPRINGFIELD,1.7420813691365897e-06
DUTCHESS COUNTY BOCES,1.7420813691365897e-06
TUCKAHOE COMMON SCH DIST,1.7420813691365897e-06
HERMON-DEKALB CSD,1.7420813691365897e-06
BAINBRIDGE-GUILFORD CSD,1.7420813691365897e-06
"PARMA, TOWN OF",1.7420813691365897e-06
GREENVILLE CENTRAL SCHOOL,1.7420813691365897e-06
PATHMARK STORES INC.,1.7420813691365897e-06
YATES COUNTY MUTUAL SELF INS,1.7420813691365897e-06
CATTARAUGUS COUNTY,1.7420813691365897e-06
OWENS-CORNING,1.7420813691365897e-06
STANLEY BLACK & DECKER INC,1.7420813691365897e-06
FCA US LLC,1.7420813691365897e-06
ROCKWOOD CASUALTY INS. CO.,1.7420813691365897e-06
GULF INSURANCE COMPANY,1.7420813691365897e-06
INTERNATIONAL HARVESTER CO.,1.7420813691365897e-06
SENTRY SELECT INSURANCE CO.,1.7420813691365897e-06
SCHENEVUS CENTRAL SCH DIST,1.7420813691365897e-06
CORTLAND COUNTY SELF INS,1.7420813691365897e-06
MILFORD CENTRAL SCHOOL,1.7420813691365897e-06
WINDSOR CSD,1.7420813691365897e-06
TRAVELERS CASUALTY COMPANY,1.7420813691365897e-06
E I DU PONT DE NEMOURS & CO.,1.7420813691365897e-06
CITY OF BINGHAMTON,1.7420813691365897e-06
"SPECIAL TRADES, CONTRACTING",1.7420813691365897e-06
AMERICAN MFG. MUT. INS. CO.,1.7420813691365897e-06
CORNING INCORPORATED,1.7420813691365897e-06
CALEDONIA MUMFORD CSD,1.7420813691365897e-06
"HILTON, VILLAGE OF",1.7420813691365897e-06
"ENTERGY NUCLEAR OPERATIONS, IN",1.7420813691365897e-06
ARGYLE CENTRAL SCHOOL DIST,1.7420813691365897e-06
OCCIDENTAL CHEMICAL CORP,1.7420813691365897e-06
ASSURANCE COMPANY OF AMERICA,1.7420813691365897e-06
"WALDBAUM'S, INC.",1.7420813691365897e-06
NORTH WARREN CENTRAL SCHOOL,1.7420813691365897e-06
WCF NATIONAL INSURANCE CO.,1.7420813691365897e-06
KEY RISK INSURANCE COMPANY,1.7420813691365897e-06
LETCHWORTH CSD,1.7420813691365897e-06
"AIRBORNE EXPRESS, INC.",1.7420813691365897e-06
TRI-VALLEY CENTRAL,1.7420813691365897e-06
PUBLIC ENTITY TRUST OF NY,1.7420813691365897e-06
BRADFORD CENTRAL SCHOOL DIST,1.7420813691365897e-06
THE PIE INSURANCE,1.7420813691365897e-06
RANDOLPH CENTRAL SCHOOL,1.7420813691365897e-06
SHELTER ISLAND UNION,1.7420813691365897e-06
HUDSON HEALTH CARE WC GROUP,1.7420813691365897e-06
VIRGINIA SURETY COMPANY,1.7420813691365897e-06
RELIANCE NATIONAL INDEMNITY CO,1.7420813691365897e-06
"RYDER SYSTEM, INC.",1.7420813691365897e-06
EASTERN ALLIANCE INSUR COMPANY,1.7420813691365897e-06
WESTPORT INSURANCE COMPANY,1.7420813691365897e-06
MEMORIAL SLOAN-KETTERING CANCE,1.7420813691365897e-06
TRANSGUARD INSURANCE COMPANY,1.7420813691365897e-06
TOWN OF WESTMORELAND,1.7420813691365897e-06
GREENPORT UNION FREE,1.7420813691365897e-06
CASTLEPOINT NATIONAL INS CO,1.7420813691365897e-06
GARRISON UFSD,1.7420813691365897e-06
"AURUBIS BUFFALO, INC.",1.7420813691365897e-06
COOPERSTOWN CSD,1.7420813691365897e-06
POCANTICO HILLS CENTRAL,1.7420813691365897e-06
MANUFACTURING SELF-INSURANCE,1.7420813691365897e-06
BITCO GENERAL INSURANCE,1.7420813691365897e-06
LAKE GEORGE SCHOOL DISTRICT,1.7420813691365897e-06
NY BUS OPERATORS COMP TRUST,1.7420813691365897e-06
JORDAN ELBRIDGE CENTRAL,1.7420813691365897e-06
IBM CORPORATION,1.7420813691365897e-06
WINDHAM-ASHLAND-JEWETT,1.7420813691365897e-06
IRVINGTON UNION FR SCH DIST,1.7420813691365897e-06
BERKSHIRE HATHAWAY HOMESTEAD,1.7420813691365897e-06
WATKINS GLEN CSD,1.7420813691365897e-06
HEALTHCARE OF NY WC TRUST,1.7420813691365897e-06
MARKEL AMERICAN INSURANCE COMP,1.7420813691365897e-06
SEATON INSURANCE COMPANY,1.7420813691365897e-06
DE RUYTER CENTRAL SCHOOL DIST,1.7420813691365897e-06
MARGARETVILLE CENTRAL SCHOOL,1.7420813691365897e-06
ANDES CENTRAL SCHOOL,1.7420813691365897e-06
LOWES HOME CENTERS INC,1.7420813691365897e-06
WEST BEND MUTUAL INSURANCE,1.7420813691365897e-06
LIVINGSTON-STEUBEN-,1.7420813691365897e-06
NEW YORK MUTUAL CASUALTY,1.7420813691365897e-06
HERMON-DEKALB CENTRAL,1.7420813691365897e-06
